Subfolder,Deal,NorthHand,EastHand,SouthHand,WestHand,label
2Club,1,S:Q65 H:864 D:KQ86 C:T87,S:974 H:QJ752 D:JT9 C:J5,S:AK82 H:AK3 D:A4 C:KQ94,S:JT3 H:T9 D:7532 C:A632,auction_calm
2Club,2,S:KQ5 H:AK6 D:AK92 C:AT8,S:63 H:T92 D:QJ75 C:K532,S:T872 H:Q53 D:864 C:974,S:AJ94 H:J874 D:T3 C:QJ6,auction_calm
2Club,3,S:Q65 H:864 D:Q986 C:T87,S:974 H:QJ752 D:JT7 C:J5,S:AK82 H:AK3 D:AK C:KQ94,S:JT3 H:T9 D:5432 C:A632,auction_calm
2Club,4,S:KQ5 H:AK6 D:AK92 C:AT8,S:63 H:T92 D:QJ75 C:K532,S:JT82 H:Q53 D:864 C:J94,S:A974 H:J874 D:T3 C:Q76,auction_calm
2Club,5,S:K873 H:92 D:J8742 C:T3,S:AQJ9642 H: D:T6 C:K852,S: H:AKQJ8643 D:A5 C:QJ4,S:T5 H:T75 D:KQ93 C:A976,auction_calm
2Club,6,S:AK4 H:AQT86 D:K2 C:KQT,S:Q32 H:J5 D:875 C:AJ943,S:875 H:K3 D:QJT94 C:752,S:JT96 H:9742 D:A63 C:86,auction_calm
2Club,7,S:K65 H:T864 D:92 C:T873,S:T H:J975 D:AT853 C:J64,S:AQJ83 H:3 D:KQ7 C:AKQ9,S:9742 H:AKQ2 D:J64 C:52,auction_calm
2Club,8,S:AQ H:AK75 D:Q84 C:AKJT,S:J32 H:94 D:J962 C:Q842,S:K875 H:QJT3 D:T5 C:973,S:T964 H:862 D:AK73 C:65,auction_calm
2Club,9,S:J943 H:96 D:9863 C:A82,S:QT87 H:5 D:K742 C:T643,S:AK H:KQJT4 D:AJT C:KJ9,S:652 H:A8732 D:Q5 C:Q75,auction_calm
2Club,10,S:AK8 H:KQT D:KQJ2 C:AT4,S:6542 H:J5432 D:A8 C:86,S:JT7 H:A96 D:T95 C:KQJ3,S:Q93 H:87 D:7643 C:9752,auction_calm
2Club,11,S:AQT64 H:AQ85 D:Q7 C:AK,S:32 H:KT92 D:AKJT9 C:96,S:9875 H:64 D:863 C:J752,S:KJ H:J73 D:542 C:QT843,auction_calm
2Club,12,S:A5 H:A6 D:K7 C:AKQJT63,S:QJ984 H:Q743 D:AJ2 C:5,S:763 H:852 D:9543 C:872,S:KT2 H:KJT9 D:QT86 C:94,auction_calm
2Club,13,S:Q93 H:A97653 D:72 C:84,S:87642 H:2 D:AJT86 C:96,S:AK H:KT84 D:KQ9 C:AKQ5,S:JT5 H:QJ D:543 C:JT732,auction_calm
2Club,14,S:K53 H:Q95 D:AKQ6 C:AKQ,S:642 H:KJ432 D:JT8 C:97,S:AQJT7 H:86 D:943 C:652,S:98 H:AT7 D:752 C:JT843,auction_calm
2Club,15,S:KQ9 H:864 D:AQT6 C:J54,S:7653 H:Q9752 D:98 C:97,S:A82 H:AK3 D:KJ7 C:AKT6,S:JT4 H:JT D:5432 C:Q832,auction_calm
2Club,16,S:AK3 H:KQT D:AJ2 C:KQJT,S:92 H:J84 D:9863 C:9742,S:QJT7 H:A96 D:KQ5 C:A83,S:8654 H:7532 D:T74 C:65,auction_calm
2Club,17,S:AK H:AKT86 D:75 C:AKQ6,S:Q543 H:9 D:QJ3 C:JT942,S:86 H:Q752 D:A9864 C:53,S:JT972 H:J43 D:KT2 C:87,auction_calm
2Club,18,S:AJ H:AKT86 D:Q94 C:AKQ,S:T H:QJ93 D:JT62 C:JT64,S:KQ9865 H:7 D:85 C:9532,S:7432 H:542 D:AK73 C:87,auction_calm
2Club,19,S:AJT75 H:8 D:A3 C:97642,S:42 H:QT95432 D:JT2 C:T,S:KQ63 H:AK D:KQ9 C:AKQ5,S:98 H:J76 D:87654 C:J83,auction_calm
2Club,20,S:AKQ75 H:A6 D:AQ7 C:KQ3,S:J2 H:984 D:853 C:AJT52,S:63 H:KQJT2 D:T96 C:984,S:T984 H:753 D:KJ42 C:76,auction_calm
2over1,1,S:QT5 H:KQJT5 D:74 C:AQ6,S:A32 H:96 D:QJ5 C:T9832,S:J84 H:A2 D:KT963 C:KJ4,S:K976 H:8743 D:A82 C:75,auction_calm
2over1,2,S:65 H:KQJ843 D:A5 C:Q63,S:942 H:T5 D:QJ74 C:A752,S:KJ8 H:A2 D:KT963 C:KJ4,S:AQT73 H:976 D:82 C:T98,auction_calm
2over1,3,S:K5 H:KQJ743 D:75 C:AK4,S:9732 H:5 D:JT84 C:Q852,S:Q6 H:A82 D:AKQ63 C:763,S:AJT84 H:T96 D:92 C:JT9,auction_calm
2over1,4,S:AKJ865 H:43 D:75 C:K63,S:42 H:QJ D:AKQT83 C:985,S:Q H:A9865 D:962 C:A742,S:T973 H:KT72 D:J4 C:QJT,auction_1s_2d
2over1,5,S:KJ965 H:AK843 D:75 C:4,S:873 H:J92 D:KQT98 C:J5,S:Q4 H:QT7 D:AJ6 C:AT986,S:AT2 H:65 D:432 C:KQ732,auction_calm
2over1,6,S:65 H:AQ953 D:KQ63 C:Q9,S:K2 H:J82 D:74 C:AJT843,S:AJT74 H:KT7 D:A95 C:72,S:Q983 H:64 D:JT82 C:K65,auction_calm
2over1,7,S:AK9652 H:T983 D:4 C:A8,S:83 H:J6 D:QJT85 C:J432,S:7 H:AK75 D:K762 C:KQT6,S:QJT4 H:Q42 D:A93 C:975,auction_calm
2over1,8,S:AK92 H:AQ983 D:85 C:86,S:Q3 H:JT5 D:642 C:QJT32,S:875 H:K4 D:AQJT7 C:K97,S:JT64 H:762 D:K93 C:A54,auction_calm
2over1,9,S:A9742 H:A983 D:K6 C:Q7,S:Q3 H:KQ4 D:JT42 C:T943,S:K8 H:JT7 D:975 C:AKJ62,S:JT65 H:652 D:AQ83 C:85,auction_calm
2over1,10,S:A4 H:KJT8653 D:KQ C:87,S:Q8 H:4 D:J9632 C:T9652,S:KJ763 H:AQ7 D:84 C:AQJ,S:T952 H:92 D:AT75 C:K43,auction_calm
2over1,11,S:AJT H:AK985 D:K96 C:Q7,S:974 H:QJT4 D:T75 C:986,S:863 H:73 D:AQ4 C:AKJT4,S:KQ52 H:62 D:J832 C:532,auction_calm
2over1,12,S:AJ8752 H:AK D:Q6 C:J87,S:94 H:T8764 D:853 C:KQT,S:Q63 H:Q3 D:AKJ94 C:964,S:KT H:J952 D:T72 C:A532,auction_calm
2over1,13,S:AJT62 H:A62 D:QJ C:T87,S:Q7 H:T D:T8632 C:QJ962,S:K5 H:KQ98543 D:A4 C:A4,S:9843 H:J7 D:K975 C:K53,auction_calm
2over1,14,S:QJ2 H:KT D:KQ865 C:Q87,S:98643 H:96 D:AT9 C:T96,S:A H:AQJ753 D:742 C:KJ4,S:KT75 H:842 D:J3 C:A532,auction_calm
2over1,15,S:AQ862 H:T4 D:K65 C:K87,S:K743 H:6 D:QJT7 C:AT92,S:J H:KQJ753 D:432 C:Q54,S:T95 H:A982 D:A98 C:J63,auction_calm
2over1,16,S:AQ862 H:A4 D:95 C:AK87,S:754 H:J92 D:KQ876 C:32,S:K H:K753 D:AT32 C:J954,S:JT93 H:QT86 D:J4 C:QT6,auction_calm
2over1,17,S:862 H:AQJ753 D:95 C:A2,S:AQ743 H:94 D:A874 C:97,S:K95 H:T6 D:KT32 C:JT54,S:JT H:K82 D:QJ6 C:KQ863,auction_calm
2over1,18,S:KJ2 H:874 D:AQ975 C:Q2,S:84 H:Q3 D:J3 C:KJ98763,S:AQT95 H:T96 D:KT86 C:A,S:763 H:AKJ52 D:42 C:T54,auction_calm
2over1,19,S:K92 H:AK874 D:KT7 C:T8,S:A854 H:Q D:J962 C:A763,S:JT6 H:9 D:853 C:KQJ952,S:Q73 H:JT6532 D:AQ4 C:4,auction_1h_x
2over1,20,S:QJ2 H:J2 D:QJ862 C:AKJ,S:T H:A63 D:T5 C:QT87652,S:AK98764 H:KQ7 D:K73 C:,S:53 H:T9854 D:A94 C:943,auction_calm
2over1,21,S:AJT82 H:AK82 D:Q2 C:T5,S:K6 H:T5 D:T854 C:Q8762,S:74 H:Q73 D:AKJ73 C:KJ9,S:Q953 H:J964 D:96 C:A43,auction_calm
2over1,22,S:AJT82 H:AT82 D:Q2 C:K5,S:K6 H:95 D:T854 C:QJ862,S:74 H:KQ3 D:AKJ73 C:T97,S:Q953 H:J764 D:96 C:A43,auction_calm
2over1,23,S:T82 H:A2 D:A8542 C:Q85,S:Q5 H:95 D:KJ96 C:KJ962,S:AK974 H:KQ63 D:73 C:T7,S:J63 H:JT874 D:QT C:A43,auction_calm
2over1,24,S:KQT62 H:A74 D:84 C:A85,S:A8 H:Q5 D:KJ95 C:JT972,S:74 H:9863 D:A762 C:KQ3,S:J953 H:KJT2 D:QT3 C:64,auction_calm
2over1,25,S:Q6 H:AKQ972 D:984 C:AQ,S:J5 H:5 D:KT52 C:KT8762,S:AK874 H:J86 D:AJ6 C:93,S:T932 H:T43 D:Q73 C:J54,auction_calm
2over1,26,S:QJ8763 H:AK8 D:8 C:K75,S:52 H:T53 D:KQJ953 C:42,S:A4 H:QJ6 D:7642 C:A963,S:KT9 H:9742 D:AT C:QJT8,auction_calm
2over1,27,S:QJ9842 H:AJ95 D:83 C:K,S:65 H:K764 D:K954 C:T98,S:T7 H:QT3 D:AJ6 C:AQ642,S:AK3 H:82 D:QT72 C:J753,auction_calm
2over1,28,S:AJ8 H:Q652 D:873 C:A74,S:T4 H:J4 D:AT54 C:KJT82,S:KQ753 H:87 D:KQ6 C:Q95,S:962 H:AKT93 D:J92 C:63,auction_calm
Bidpractice/Set1,1,S:AT6 H:A74 D:KQT2 C:K84,S:J94 H:QJT5 D:J75 C:QJT,S:853 H:K96 D:A863 C:965,S:KQ72 H:832 D:94 C:A732,auction_calm
Bidpractice/Set1,2,S:T97 H:A96 D:KQ73 C:K84,S:863 H:QJ74 D:A64 C:T97,S:AQ4 H:KT8 D:JT95 C:AQ6,S:KJ52 H:532 D:82 C:J532,auction_calm
Bidpractice/Set1,3,S:KQ82 H:K96 D:A94 C:A65,S:T6 H:J42 D:863 C:KJ982,S:AJ3 H:A87 D:QJT5 C:QT7,S:9754 H:QT53 D:K72 C:43,auction_calm
Bidpractice/Set1,4,S:AK52 H:872 D:943 C:765,S:873 H:QT94 D:T76 C:KQJ,S:J96 H:AJ5 D:AQJ C:A932,S:QT4 H:K63 D:K852 C:T84,auction_calm
Bidpractice/Set1,5,S:KQJ H:QJ95 D:AJ8 C:QJT,S:754 H:T6 D:QT952 C:A64,S:T863 H:K42 D:K43 C:K75,S:A92 H:A873 D:76 C:9832,auction_calm
Bidpractice/Set1,6,S:T84 H:K72 D:Q65 C:KJ93,S:J52 H:T985 D:T87 C:A76,S:A976 H:AQ4 D:AJ4 C:QT8,S:KQ3 H:J63 D:K932 C:542,auction_calm
Bidpractice/Set1,7,S:AT6 H:K98 D:AJ2 C:KT95,S:873 H:JT64 D:Q76 C:AQJ,S:KQ42 H:A73 D:T84 C:874,S:J95 H:Q52 D:K953 C:632,auction_calm
Bidpractice/Set1,8,S:J742 H:85 D:J42 C:9873,S:983 H:Q974 D:T873 C:AQ,S:KQ6 H:AJT3 D:AQ C:KJ52,S:AT5 H:K62 D:K965 C:T64,auction_calm
Bidpractice/Set1,9,S:AT8 H:AT9 D:KQT8 C:K97,S:Q642 H:63 D:A732 C:652,S:K73 H:Q72 D:J94 C:QJT8,S:J95 H:KJ854 D:65 C:A43,auction_calm
Bidpractice/Set1,10,S:T962 H:K75 D:954 C:KQ6,S:753 H:JT96 D:A76 C:T98,S:KQJ H:A4 D:KQT8 C:AJ73,S:A84 H:Q832 D:J32 C:542,auction_calm
Bidpractice/Set1,11,S:KQ4 H:Q95 D:KQ62 C:K83,S:765 H:A742 D:T743 C:96,S:AT8 H:KJ3 D:AJ5 C:QJ72,S:J932 H:T86 D:98 C:AT54,auction_calm
Bidpractice/Set1,12,S:T84 H:Q76 D:KJ3 C:KT52,S:KJ632 H:J93 D:984 C:J6,S:AQ5 H:K85 D:QT76 C:A97,S:97 H:AT42 D:A52 C:Q843,auction_calm
Bidpractice/Set1,13,S:QJ4 H:AK D:K76 C:QJT52,S:873 H:JT972 D:T92 C:98,S:KT5 H:Q63 D:AQ54 C:AK3,S:A962 H:854 D:J83 C:764,auction_calm
Bidpractice/Set1,14,S:K74 H:QJ5 D:KJT C:A743,S:863 H:T974 D:976 C:JT9,S:QJ9 H:AK8 D:AQ53 C:KQ8,S:AT52 H:632 D:842 C:652,auction_calm
Bidpractice/Set1,15,S:AT6 H:AQ4 D:KQJT C:KJ7,S:K942 H:72 D:972 C:AT82,S:853 H:K96 D:A863 C:965,S:QJ7 H:JT853 D:54 C:Q43,auction_calm
Bidpractice/Set1,16,S:764 H:AK8 D:KQ C:AJT74,S:T93 H:QJ95 D:T65 C:986,S:AK5 H:T743 D:A982 C:KQ,S:QJ82 H:62 D:J743 C:532,auction_calm
Bidpractice/Set1,17,S:KJ9 H:AQ D:KQJ95 C:KT4,S:874 H:KJ962 D:86 C:AJ7,S:T63 H:T85 D:A73 C:Q985,S:AQ52 H:743 D:T42 C:632,auction_calm
Bidpractice/Set1,18,S:KJ92 H:A98 D:QT8 C:KQJ,S:764 H:J753 D:J65 C:A98,S:QT3 H:KT6 D:A94 C:T752,S:A85 H:Q42 D:K732 C:643,auction_calm
Bidpractice/Set1,19,S:KQ93 H:KQT D:AJ7 C:QT8,S:654 H:962 D:Q9543 C:53,S:A7 H:A84 D:KT6 C:KJ742,S:JT82 H:J753 D:82 C:A96,auction_calm
Bidpractice/Set1,20,S:K8 H:AK5 D:A8 C:QT9632,S:T952 H:JT72 D:T943 C:A,S:A74 H:Q96 D:KQ52 C:KJ8,S:QJ63 H:843 D:J76 C:754,auction_calm
Bidpractice/Set1,21,S:QJT H:AJ7 D:AK62 C:KQJ,S:A54 H:QT8 D:QJT5 C:643,S:K83 H:9652 D:743 C:852,S:9762 H:K43 D:98 C:AT97,auction_calm
Bidpractice/Set1,22,S:K53 H:K53 D:K53 C:K753,S:QT987 H:T7 D:QT8 C:JT8,S:A42 H:A42 D:A642 C:A42,S:J6 H:QJ986 D:J97 C:Q96,auction_calm
Bidpractice/Set1,23,S:AJ5 H:QT93 D:KQJ C:AK6,S:Q9864 H:72 D:963 C:753,S:K72 H:KJ5 D:A742 C:QJ8,S:T3 H:A864 D:T85 C:T942,auction_calm
Bidpractice/Set1,24,S:AK6 H:K93 D:K743 C:A62,S:J9843 H:T5 D:AT8 C:JT8,S:Q75 H:Q84 D:Q62 C:Q753,S:T2 H:AJ762 D:J95 C:K94,auction_calm
Bidpractice/Set10,1,S:AKJ74 H:87 D:A76 C:Q54,S:T53 H:T6 D:QJ832 C:KT7,S:Q962 H:952 D:K9 C:9862,S:8 H:AKQJ43 D:T54 C:AJ3,auction_1h
Bidpractice/Set10,2,S:Q962 H:T52 D:KQ4 C:KJ6,S:8 H:AKQJ63 D:J83 C:T83,S:AKJ74 H:87 D:A76 C:Q54,S:T53 H:94 D:T952 C:A972,auction_1h
Bidpractice/Set10,3,S:AKJ74 H:87 D:976 C:J54,S:T53 H:96 D:QJ832 C:Q97,S:Q962 H:T52 D:AK C:K862,S:8 H:AKQJ43 D:T54 C:AT3,auction_1h
Bidpractice/Set10,4,S:AT53 H:T75 D:Q8 C:A862,S:QJ72 H:AKJ96 D:T92 C:4,S:K986 H:4 D:AK73 C:KQ75,S:4 H:Q832 D:J654 C:JT93,auction_1h
Bidpractice/Set10,5,S:53 H:AJ42 D:KQJ C:K742,S:A H:QT9 D:AT973 C:QT53,S:7642 H:763 D:864 C:J98,S:KQJT98 H:K85 D:52 C:A6,auction_1s
Bidpractice/Set10,6,S:AJT7 H:J7 D:QJ95 C:A83,S:K632 H:A84 D:T8 C:KJ76,S:Q985 H:KQT5 D:AK3 C:42,S:4 H:9632 D:7642 C:QT95,auction_1c
Bidpractice/Set10,7,S:Q74 H:9652 D:Q5 C:A863,S:T52 H:T8 D:T972 C:KJ94,S:AKJ983 H:7 D:AKJ3 C:75,S:6 H:AKQJ43 D:864 C:QT2,auction_1h
Bidpractice/Set10,8,S:87 H:A976 D:A62 C:K963,S:KQ6542 H:J2 D:KJT5 C:J,S:AJ9 H:KQ8 D:Q74 C:AQ85,S:T3 H:T543 D:983 C:T742,auction_1s
Bidpractice/Set10,9,S:A86 H:KQJ D:AJ97 C:KQ4,S:K94 H:T853 D:Q32 C:T32,S:JT52 H:7642 D:86 C:J86,S:Q73 H:A9 D:KT54 C:A975,auction_1d
Bidpractice/Set10,10,S:KJ62 H:65 D:AQ3 C:9874,S:A953 H:KJ874 D:8 C:QJ2,S:Q74 H:AQT D:KJ75 C:AK6,S:T8 H:932 D:T9642 C:T53,auction_1h
Bidpractice/Set10,11,S:AQT53 H:64 D:QT C:A974,S:86 H:JT7 D:765 C:KT653,S:KJ42 H:A85 D:KJ32 C:J2,S:97 H:KQ932 D:A984 C:Q8,auction_1h
Bidpractice/Set10,12,S:Q3 H:KQ9864 D:A52 C:95,S:A97 H:A2 D:KQT43 C:T42,S:KJ64 H:JT75 D:6 C:AKJ3,S:T852 H:3 D:J987 C:Q876,auction_1d
Bidpractice/Set10,13,S:AT94 H:KQJ7 D:Q6 C:AQ4,S:8532 H:863 D:752 C:987,S:J76 H:T52 D:AJ94 C:KT2,S:KQ H:A94 D:KT83 C:J653,auction_1d
Bidpractice/Set10,14,S:Q8 H:AJ92 D:AJ6 C:Q983,S:5 H:KT843 D:Q2 C:AK652,S:AK964 H:Q5 D:K74 C:JT7,S:JT732 H:76 D:T9853 C:4,auction_1h
Bidpractice/Set10,15,S:87 H:KQ97 D:AK83 C:QJ4,S:542 H:82 D:9762 C:7532,S:A93 H:JT53 D:Q5 C:AK86,S:KQJT6 H:A64 D:JT4 C:T9,auction_1s
Bidpractice/Set10,16,S:K75 H:852 D:KQ3 C:9762,S:9 H:KQJT63 D:A85 C:QT4,S:AQJ642 H:A7 D:J72 C:A8,S:T83 H:94 D:T964 C:KJ53,auction_1h
Bidpractice/Set10,17,S:K983 H:76 D:KQ5 C:AJ76,S:7654 H:T95 D:T962 C:T9,S:QJ2 H:AK43 D:74 C:KQ82,S:AT H:QJ82 D:AJ83 C:543,auction_1d
Bidpractice/Set10,18,S:96 H:Q65 D:J754 C:KT62,S:KQ532 H:J92 D:K2 C:Q74,S:AJT74 H:A73 D:A86 C:95,S:8 H:KT84 D:QT93 C:AJ83,auction_1s
Bidpractice/Set10,19,S:KQJ9753 H:74 D:Q3 C:62,S:6 H:KQT96 D:AJ52 C:QT8,S:A82 H:J52 D:K986 C:753,S:T4 H:A83 D:T74 C:AKJ94,auction_1c
Bidpractice/Set10,20,S:K72 H:QJ54 D:63 C:9864,S:Q643 H:A8 D:K94 C:AJT5,S:AJT85 H:63 D:AJT85 C:3,S:9 H:KT972 D:Q72 C:KQ72,auction_1c
Bidpractice/Set10,21,S:A53 H:42 D:AK2 C:J7642,S:42 H:AJ7 D:JT75 C:QT93,S:Q86 H:Q863 D:9843 C:85,S:KJT97 H:KT95 D:Q6 C:AK,auction_1s
Bidpractice/Set10,22,S:T3 H:KJ76 D:KJ5 C:AQ72,S:A9765 H:A85 D:A C:J965,S:KQJ842 H:Q2 D:Q87 C:83,S: H:T943 D:T96432 C:KT4,auction_1s
Bidpractice/Set10,23,S:AK872 H:J98 D:K76 C:65,S:9643 H:T63 D:32 C:QT98,S:QJ5 H:AKQ2 D:A985 C:42,S:T H:754 D:QJT4 C:AKJ73,auction_1c
Bidpractice/Set10,24,S:T65 H:84 D:KJT3 C:AJ84,S:A97 H:A976 D:A42 C:Q32,S:KQ3 H:KQJ53 D:965 C:T6,S:J842 H:T2 D:Q87 C:K975,auction_1d
Bidpractice/Set11,1,S:AKJ7 H:87 D:976 C:KQ54,S:T54 H:96 D:AKJ32 C:T87,S:Q962 H:AK53 D:84 C:A62,S:83 H:QJT42 D:QT5 C:J93,auction_1c_1d
Bidpractice/Set11,2,S:AK62 H:AT93 D:97 C:Q82,S:T543 H:K542 D:T85 C:75,S:Q97 H:J87 D:AK6 C:KJT4,S:J8 H:Q6 D:QJ432 C:A963,auction_1c_1d
Bidpractice/Set11,3,S:AKJ7 H:87 D:976 C:KQ54,S:843 H:T6 D:AKQ532 C:T7,S:Q962 H:AK5 D:84 C:A632,S:T5 H:QJ9432 D:JT C:J98,auction_1c_1d
Bidpractice/Set11,4,S:K9 H:862 D:AK63 C:KQ75,S:J76 H:7 D:T542 C:T6432,S:AT532 H:AJT D:987 C:A8,S:Q84 H:KQ9543 D:QJ C:J9,auction_1s_2h
Bidpractice/Set11,5,S:9 H:KQJ7 D:AK6 C:AQT54,S:AQJ75 H:T3 D:J95 C:J97,S:T86 H:A9642 D:84 C:K62,S:K432 H:85 D:QT732 C:83,auction_1c_1s
Bidpractice/Set11,6,S:AK62 H:93 D:972 C:Q982,S:Q8543 H:T4 D:QT5 C:A75,S:T97 H:K87 D:AK6 C:KJT4,S:J H:AQJ652 D:J843 C:63,auction_1c_1h
Bidpractice/Set11,7,S:AK632 H:93 D:972 C:Q92,S:J854 H:A62 D:J84 C:875,S:Q97 H:J87 D:AK6 C:KJT4,S:T H:KQT54 D:QT53 C:A63,auction_1c_1h
Bidpractice/Set11,8,S:A52 H:AQT93 D:97 C:AJ2,S:KJT86 H:6 D:AT53 C:875,S:97 H:K874 D:KQ6 C:KT94,S:Q43 H:J52 D:J842 C:Q63,auction_1h_1s
Bidpractice/Set11,9,S:852 H:AQT93 D:97 C:AQ2,S:AQJT6 H:6 D:AQ53 C:875,S:97 H:K874 D:T86 C:KT94,S:K43 H:J52 D:KJ42 C:J63,auction_1h_1s
Bidpractice/Set11,10,S:Q862 H:AK93 D:97 C:A82,S:4 H:JT7 D:AKQ82 C:Q753,S:AK973 H:64 D:63 C:KJT4,S:JT5 H:Q852 D:JT54 C:96,auction_1d
Bidpractice/Set11,11,S:Q862 H:AK93 D:97 C:A82,S:JT54 H:Q8 D:AKJT54 C:J,S:AK973 H:654 D:Q3 C:763,S: H:JT72 D:862 C:KQT954,auction_1d
Bidpractice/Set11,12,S:Q75 H:QJ93 D:AT82 C:Q8,S:T642 H:42 D:95 C:T9532,S:8 H:AKT87 D:KQJ4 C:AK6,S:AKJ93 H:65 D:763 C:J74,auction_1h_1s
Bidpractice/Set11,13,S:KQJ7 H:T7 D:A976 C:AT4,S:A9854 H:84 D:KT3 C:Q75,S:62 H:AQJ3 D:J84 C:J982,S:T3 H:K9652 D:Q52 C:K63,auction_1d_1s
Bidpractice/Set11,14,S:AK642 H:93 D:T97 C:982,S:53 H:64 D:Q32 C:AQJ653,S:Q97 H:J87 D:AK86 C:KT4,S:JT8 H:AKQT52 D:J54 C:7,auction_1d_1h
Bidpractice/Set11,15,S:AJ7 H:K987 D:KQ76 C:54,S:Q8 H:J64 D:A5 C:KQJT98,S:K962 H:AQ53 D:84 C:A62,S:T543 H:T2 D:JT932 C:73,auction_1d_2c
Bidpractice/Set11,16,S:AK82 H:963 D:JT C:8653,S:43 H:T4 D:K432 C:AQ742,S:QJ75 H:87 D:AQ86 C:KJT,S:T96 H:AKQJ52 D:975 C:9,auction_1d_1h
Bidpractice/Set11,16,S:AK82 H:963 D:JT C:8653,S:T943 H:KJ4 D:K542 C:74,S:QJ75 H:87 D:AQ86 C:KJT,S:6 H:AQT52 D:973 C:AQ92,auction_1d_1h_x_2h
Bidpractice/Set11,17,S:T2 H:KQJ76 D:AQ5 C:963,S:AQ97643 H: D:J43 C:A74,S:J85 H:AT84 D:K9 C:KQJ2,S:K H:9532 D:T8762 C:T85,auction_1h_1s
Bidpractice/Set11,18,S:862 H:63 D:KQ97 C:AQ82,S:KT H:Q942 D:AJ8 C:9763,S:97 H:AKJ87 D:43 C:KJT4,S:AQJ543 H:T5 D:T652 C:5,auction_1h_2s
Bidpractice/Set11,19,S:AQJ752 H:AKQ7 D:K2 C:8,S: H:J832 D:QJ8763 C:AKT,S:KT93 H:65 D:A4 C:QJ652,S:864 H:T94 D:T95 C:9743,auction_1s_2d
Bidpractice/Set11,20,S:8 H:AJ93 D:KQ52 C:QJ82,S:QT4 H:65 D:A976 C:9763,S:953 H:KQ87 D:J3 C:AK54,S:AKJ762 H:T42 D:T84 C:T,auction_1c_2s
Bidpractice/Set11,21,S:QJ83 H:87 D:A76 C:KQJ4,S:A72 H:KT96543 D:Q9 C:5,S:KT65 H:J2 D:K54 C:A632,S:94 H:AQ D:JT832 C:T987,auction_1c_1h
Bidpractice/Set11,22,S:A5 H:KQJ82 D:742 C:Q82,S:Q64 H:T D:QJT3 C:T9753,S:972 H:A63 D:86 C:AKJ64,S:KJT83 H:9754 D:AK95 C:,auction_1c_1s
Bidpractice/Set11,23,S:K9 H:AQJ96 D:T54 C:A83,S:A62 H:84 D:K3 C:KQJ972,S:QJ5 H:KT53 D:AJ62 C:64,S:T8743 H:72 D:Q987 C:T5,auction_1h_2c
Bidpractice/Set11,24,S:AQJ3 H:J4 D:9642 C:T96,S:97 H:8752 D:J7 C:K8543,S:T5 H:AKQ63 D:AT8 C:AJ7,S:K8642 H:T9 D:KQ53 C:Q2,auction_1h_1s
Bidpractice/Set12,1,S:A73 H:QJT82 D:K86 C:Q4,S:T8 H:A73 D:QJT74 C:JT2,S:KQJ42 H:K5 D:A52 C:753,S:965 H:964 D:93 C:AK986,auction_calm
Bidpractice/Set12,2,S:J84 H:KQ84 D:Q52 C:763,S:AQ973 H:T3 D:T763 C:T9,S:K5 H:AJ962 D:AK C:J852,S:T62 H:75 D:J984 C:AKQ4,auction_calm
Bidpractice/Set12,3,S:AJ762 H:KT94 D:KQ6 C:4,S:Q93 H:J32 D:AT75 C:T92,S:K8 H:Q85 D:J84 C:AKJ73,S:T54 H:A76 D:932 C:Q865,auction_calm
Bidpractice/Set12,4,S:Q9652 H:763 D:AQ C:Q84,S:AJ3 H:J842 D:J76 C:J92,S:87 H:AQ5 D:KT943 C:KT7,S:KT4 H:KT9 D:852 C:A653,auction_calm
Bidpractice/Set12,5,S:AKT62 H:A43 D:K964 C:7,S:9 H:KQ9862 D:5 C:KJT98,S:Q543 H:75 D:AJT3 C:652,S:J87 H:JT D:Q872 C:AQ43,auction_calm
Bidpractice/Set12,6,S:QJ83 H:AQJ7 D:J9 C:KT2,S:K7642 H:K92 D:53 C:Q74,S:AT5 H:T4 D:KQ74 C:A863,S:9 H:8653 D:AT862 C:J95,auction_calm
Bidpractice/Set12,7,S:K64 H:KQ974 D:4 C:AJ65,S:83 H:32 D:KQT752 C:K82,S:AQ972 H:85 D:A96 C:QT4,S:JT5 H:AJT6 D:J83 C:973,auction_calm
Bidpractice/Set12,8,S:AK763 H:KT84 D:K4 C:52,S:J42 H:532 D:J62 C:QJT9,S:85 H:QJ97 D:AQ9 C:A843,S:QT9 H:A6 D:T8753 C:K76,auction_calm
Bidpractice/Set12,9,S:K942 H:8 D:87542 C:Q97,S:6 H:AKT943 D:Q9 C:JT65,S:AQJT7 H:765 D:3 C:AK84,S:853 H:QJ2 D:AKJT6 C:32,auction_calm
Bidpractice/Set12,10,S:AJ75 H:K6 D:874 C:AJT3,S:84 H:T832 D:J95 C:KQ72,S:KT H:A9754 D:KQ62 C:96,S:Q9632 H:QJ D:AT3 C:854,auction_calm
Bidpractice/Set12,11,S:A7 H:QT976 D:Q7 C:AT96,S:KT52 H:54 D:AJ95 C:QJ3,S:J83 H:A832 D:K864 C:72,S:Q964 H:KJ D:T32 C:K854,auction_calm
Bidpractice/Set12,12,S:KQT63 H:KQJ8 D:95 C:Q8,S:J7 H:432 D:A87 C:T7654,S:84 H:AT7 D:QT643 C:AK2,S:A952 H:965 D:KJ2 C:J93,auction_calm
Bidpractice/Set12,13,S:AJ H:KQJ84 D:A5 C:J542,S:Q962 H:62 D:KQT7 C:T93,S:K53 H:T953 D:9864 C:KQ,S:T874 H:A7 D:J32 C:A876,auction_calm
Bidpractice/Set12,14,S:985 H:J74 D:KQT3 C:AK5,S:KQ43 H:9652 D:J87 C:97,S:AJT H:AQT3 D:94 C:QJ64,S:762 H:K8 D:A652 C:T832,auction_calm
Bidpractice/Set12,15,S:Q75 H:JT76 D:A8 C:KQJ3,S:J9 H:2 D:KQJ65 C:T8764,S:K8432 H:KQ83 D:73 C:A5,S:AT6 H:A954 D:T942 C:92,auction_calm
Bidpractice/Set12,16,S:KJ97 H:87 D:AKJ62 C:T2,S:A62 H:Q932 D:Q875 C:J6,S:QT83 H:AK65 D:T C:A984,S:54 H:JT4 D:943 C:KQ753,auction_calm
Bidpractice/Set12,17,S:A64 H:AK972 D:7 C:K865,S:KQT83 H:J4 D:K964 C:94,S:97 H:Q653 D:T83 C:AJ72,S:J52 H:T8 D:AQJ52 C:QT3,auction_calm
Bidpractice/Set12,18,S:Q6 H:KJ85 D:A9854 C:K8,S:A943 H:Q432 D:JT6 C:75,S:KJT5 H:T96 D:K7 C:AQJ3,S:872 H:A7 D:Q32 C:T9642,auction_calm
Bidpractice/Set12,19,S:Q54 H:76 D:AK98 C:A874,S:J8 H:AT2 D:QJT54 C:JT2,S:AKT63 H:KQ985 D:63 C:5,S:972 H:J43 D:72 C:KQ963,auction_calm
Bidpractice/Set12,20,S:K76 H:KJ873 D:A94 C:92,S:J43 H:T964 D:7 C:AQJT8,S:Q85 H:A5 D:KQJ62 C:643,S:AT92 H:Q2 D:T853 C:K75,auction_calm
Bidpractice/Set12,21,S:84 H:AK943 D:AJ96 C:75,S:T52 H:762 D:Q5 C:AQJ86,S:AQJ63 H:QJ5 D:K4 C:T92,S:K97 H:T8 D:T8732 C:K43,auction_calm
Bidpractice/Set12,22,S:Q93 H:7642 D:KT82 C:Q5,S:72 H:AT98 D:A74 C:T987,S:AKJ86 H:J53 D:3 C:AK63,S:T54 H:KQ D:QJ965 C:J42,auction_calm
Bidpractice/Set12,23,S:K95 H:KJ2 D:A963 C:Q64,S:T3 H:A7654 D:8 C:AJT97,S:AJ862 H:Q93 D:K74 C:85,S:Q74 H:T8 D:QJT52 C:K32,auction_calm
Bidpractice/Set12,24,S:KT7 H:AK652 D:J98 C:Q5,S:Q83 H:Q873 D:A65 C:T92,S:A95 H:T4 D:KQ74 C:KJ63,S:J642 H:J9 D:T32 C:A874,auction_calm
Bidpractice/Set2,1,S:A5 H:KQT97 D:KQ6 C:QJ4,S:T8 H:653 D:AT53 C:AK92,S:K763 H:J42 D:974 C:865,S:QJ942 H:A8 D:J82 C:T73,auction_calm
Bidpractice/Set2,2,S:K82 H:K543 D:86 C:9832,S:AT3 H:Q862 D:AJT9 C:T6,S:QJ964 H:A9 D:K74 C:KQJ,S:75 H:JT7 D:Q532 C:A754,auction_calm
Bidpractice/Set2,3,S:Q75 H:KJ74 D:J942 C:J8,S:8 H:A52 D:KQ853 C:KT72,S:AJ9642 H:83 D:A6 C:Q54,S:KT3 H:QT96 D:T7 C:A963,auction_calm
Bidpractice/Set2,4,S:J65 H:KT75 D:A8 C:9862,S:Q942 H:3 D:JT965 C:KQ3,S:AK H:QJ8642 D:KQ3 C:75,S:T873 H:A9 D:742 C:AJT4,auction_calm
Bidpractice/Set2,5,S:T92 H:AK542 D:85 C:AKQ,S:Q8 H:98 D:KQ963 C:JT62,S:764 H:Q763 D:AJ4 C:985,S:AKJ53 H:JT D:T72 C:743,auction_calm
Bidpractice/Set2,6,S:KJ874 H:K72 D:A95 C:AQ,S:T2 H:J64 D:KQT7 C:K853,S:A63 H:9853 D:8643 C:92,S:Q95 H:AQT D:J2 C:JT764,auction_calm
Bidpractice/Set2,7,S:KQJ54 H:A7 D:KQ5 C:J86,S:872 H:T62 D:AT873 C:KQ,S:T963 H:KQ4 D:9642 C:A7,S:A H:J9853 D:J C:T95432,auction_calm
Bidpractice/Set2,8,S:872 H:Q964 D:K62 C:AQ3,S:AT4 H:T3 D:QT3 C:KJT72,S:KJ6 H:KJ852 D:A74 C:85,S:Q953 H:A7 D:J985 C:964,auction_calm
Bidpractice/Set2,9,S:QJ H:J854 D:A983 C:QJ7,S:AT972 H:T9 D:QJ C:8643,S:863 H:AKQ72 D:K6 C:T95,S:K54 H:63 D:T7542 C:AK2,auction_calm
Bidpractice/Set2,10,S:J962 H:KQ75 D:83 C:T74,S:8 H:J83 D:AKQT62 C:J52,S:KQT73 H:A42 D:975 C:A6,S:A54 H:T96 D:J4 C:KQ983,auction_calm
Bidpractice/Set2,11,S:AQ753 H:KQ D:A876 C:94,S:T H:A7432 D:QT94 C:J73,S:K642 H:J85 D:K32 C:A62,S:J98 H:T96 D:J5 C:KQT85,auction_calm
Bidpractice/Set2,12,S:AKQ7 H:743 D:852 C:Q95,S:5 H:KT852 D:QT94 C:T62,S:JT864 H:A6 D:AK6 C:KJ3,S:932 H:QJ9 D:J73 C:A874,auction_calm
Bidpractice/Set2,13,S:K5 H:QJT83 D:KQJ C:962,S:QT8732 H:4 D:T98 C:QJ4,S:A64 H:K952 D:7653 C:AK,S:J9 H:A76 D:A42 C:T8753,auction_calm
Bidpractice/Set2,14,S:KQ92 H:QJ D:Q764 C:J84,S:63 H:9876 D:J985 C:KQ3,S:AJT874 H:AK5 D:AK3 C:9,S:5 H:T432 D:T2 C:AT7652,auction_calm
Bidpractice/Set2,15,S:A7652 H:76 D:A83 C:AJ4,S:Q H:Q942 D:KQT75 C:Q72,S:JT943 H:A53 D:9 C:K863,S:K8 H:KJT8 D:J642 C:T95,auction_calm
Bidpractice/Set2,16,S:94 H:AK52 D:KJ3 C:K962,S:KJT62 H:QJ D:QT C:T754,S:A87 H:T9863 D:A62 C:A8,S:Q53 H:74 D:98754 C:QJ3,auction_calm
Bidpractice/Set2,17,S:K9 H:AKJ65 D:AT5 C:A76,S:AT6543 H:2 D:J982 C:J4,S:Q82 H:Q843 D:K74 C:KQ2,S:J7 H:T97 D:Q63 C:T9853,auction_calm
Bidpractice/Set2,18,S:AJ653 H:JT9 D:AQ54 C:6,S:K H:A8742 D:K97 C:8743,S:Q98742 H:KQ3 D:86 C:95,S:T H:65 D:JT32 C:AKQJT2,auction_calm
Bidpractice/Set2,19,S:AQ9753 H:Q7 D:AK3 C:K2,S:K4 H:AJ864 D:JT C:T985,S:JT82 H:K52 D:86 C:Q763,S:6 H:T93 D:Q97542 C:AJ4,auction_calm
Bidpractice/Set2,20,S:J8 H:KQ54 D:9753 C:T64,S:KT962 H:T9 D:AT C:9875,S:A74 H:AJ872 D:KQJ C:A3,S:Q53 H:63 D:8642 C:KQJ2,auction_calm
Bidpractice/Set2,21,S:A H:KQ98742 D:KQ C:K42,S:Q52 H:T5 D:AT62 C:AQT3,S:J863 H:63 D:J843 C:875,S:KT974 H:AJ D:975 C:J96,auction_calm
Bidpractice/Set2,22,S:J842 H:976 D:QJ C:AK72,S:9 H:A843 D:AT653 C:J64,S:KQT65 H:KQ2 D:K87 C:83,S:A73 H:JT5 D:942 C:QT95,auction_calm
Bidpractice/Set2,23,S:KJ872 H:A98 D:KQJ C:65,S:Q H:Q643 D:T9763 C:Q93,S:T953 H:KJ2 D:A5 C:K742,S:A64 H:T75 D:842 C:AJT8,auction_calm
Bidpractice/Set2,24,S:A6 H:AQ87642 D:A3 C:42,S:KJ9872 H: D:KJ982 C:A6,S:543 H:K53 D:T65 C:QJ85,S:QT H:JT9 D:Q74 C:KT973,auction_calm
Bidpractice/Set3,1,S:J6 H:KQT832 D:A7 C:AK3,S:A97542 H: D:KJT93 C:Q4,S:KQ3 H:J964 D:862 C:965,S:T8 H:A75 D:Q54 C:JT872,auction_calm
Bidpractice/Set3,2,S:T97 H:A96 D:KQ73 C:K84,S:K865 H:QJ732 D: C:9753,S:AQ4 H:KT8 D:JT95 C:AJ6,S:J32 H:54 D:A8642 C:QT2,auction_calm
Bidpractice/Set3,3,S:QJ64 H:A95 D:82 C:AK63,S:A852 H:T872 D:A C:JT97,S:KT73 H:K6 D:T754 C:852,S:9 H:QJ43 D:KQJ963 C:Q4,auction_calm
Bidpractice/Set3,4,S:75 H:T984 D:K94 C:K852,S:AT982 H:J6 D:QJ C:JT97,S:QJ6 H:AKQ72 D:A53 C:64,S:K43 H:53 D:T8762 C:AQ3,auction_calm
Bidpractice/Set3,5,S:A832 H:KT9 D:AJ7 C:KQ6,S:KJ765 H:762 D:T84 C:A3,S:T94 H:QJ4 D:KQ52 C:J95,S:Q H:A853 D:963 C:T8742,auction_calm
Bidpractice/Set3,6,S:KJ84 H:AK72 D:65 C:K93,S:72 H:T863 D:KJT3 C:J64,S:AQT6 H:54 D:A874 C:A82,S:953 H:QJ9 D:Q92 C:QT75,auction_calm
Bidpractice/Set3,7,S:KQT84 H:A7 D:KQ5 C:QT6,S:J52 H:K985 D:JT C:8543,S:A963 H:Q64 D:A962 C:J7,S:7 H:JT32 D:8743 C:AK92,auction_calm
Bidpractice/Set3,8,S:87 H:T64 D:KQT96 C:T73,S:J52 H:Q8752 D:85 C:K94,S:AK6 H:AJ9 D:AJ2 C:A852,S:QT943 H:K3 D:743 C:QJ6,auction_calm
Bidpractice/Set3,9,S:J63 H:AKQ82 D:K6 C:T95,S:AQ874 H:973 D:A952 C:4,S:T95 H:J4 D:QJ83 C:KJ72,S:K2 H:T65 D:T74 C:AQ863,auction_calm
Bidpractice/Set3,10,S:J962 H:KQ75 D:83 C:T74,S:8 H:J83 D:AKQT62 C:J52,S:KQT73 H:A42 D:975 C:A6,S:A54 H:T96 D:J4 C:KQ983,auction_calm
Bidpractice/Set3,11,S:A83 H:A7 D:KJ964 C:QJ5,S:Q976 H:JT843 D: C:7643,S:KJ4 H:KQ92 D:AQ5 C:KT8,S:T52 H:65 D:T8732 C:A92,auction_calm
Bidpractice/Set3,12,S:K4 H:QT6 D:8532 C:Q985,S:83 H:J8543 D:KJ9 C:J42,S:QJT96 H:A7 D:AQ6 C:AK7,S:A752 H:K92 D:T74 C:T63,auction_calm
Bidpractice/Set3,13,S:QJT83 H:AJ4 D:AT C:962,S:72 H:9876 D:8543 C:KQ5,S:AK964 H:KQ5 D:KQJ7 C:3,S:5 H:T32 D:962 C:AJT874,auction_calm
Bidpractice/Set3,14,S:A74 H:Q5 D:K764 C:7653,S:KJT93 H:JT3 D:Q C:JT84,S:62 H:AK8762 D:AT3 C:A9,S:Q85 H:94 D:J9852 C:KQ2,auction_calm
Bidpractice/Set3,15,S:KQ74 H:83 D:762 C:AKQ2,S:A652 H:T96 D:AK C:9854,S:JT83 H:AQ74 D:J53 C:76,S:9 H:KJ52 D:QT984 C:JT3,auction_calm
Bidpractice/Set3,16,S:A94 H:A7 D:K83 C:KJ962,S:T5 H:T8654 D:QJ72 C:53,S:KQ7 H:KQJ3 D:AT6 C:QT8,S:J8632 H:92 D:954 C:A74,auction_calm
Bidpractice/Set3,17,S:K973 H:842 D:AK5 C:J76,S:T H:AT76 D:QJ983 C:T53,S:AQ862 H:J53 D:74 C:KQ2,S:J54 H:KQ9 D:T62 C:A984,auction_calm
Bidpractice/Set3,18,S:73 H:Q8642 D:A86 C:K95,S:K64 H:9 D:JT93 C:AJT72,S:T82 H:AK753 D:KQ5 C:Q6,S:AQJ95 H:JT D:742 C:843,auction_calm
Bidpractice/Set3,19,S:QJ75 H:A D:AKQ3 C:KT62,S:92 H:T8654 D:JT5 C:A74,S:KT83 H:J72 D:986 C:QJ3,S:A64 H:KQ93 D:742 C:985,auction_calm
Bidpractice/Set3,20,S:T963 H:754 D:Q7 C:AK64,S:8 H:A963 D:KT853 C:J72,S:KQJ74 H:KQ2 D:AJ6 C:93,S:A52 H:JT8 D:942 C:QT85,auction_calm
Bidpractice/Set3,21,S:KJ3 H:KQ5 D:AQJ C:KJ42,S:95 H:T8743 D:875 C:A73,S:QT8 H:AJ6 D:KT93 C:QT5,S:A7642 H:92 D:642 C:986,auction_calm
Bidpractice/Set3,22,S:JT4 H:AJ6 D:K53 C:T872,S:K732 H:T973 D:J2 C:A54,S:965 H:KQ2 D:A87 C:KQJ3,S:AQ8 H:854 D:QT964 C:96,auction_calm
Bidpractice/Set3,23,S:QT82 H:AK D:764 C:AKQ5,S:AK H:9873 D:T985 C:JT6,S:J975 H:642 D:AKJ C:742,S:643 H:QJT5 D:Q32 C:983,auction_calm
Bidpractice/Set3,24,S:543 H:A72 D:KT65 C:985,S:76 H:J653 D:A7 C:JT743,S:KQJ H:KQ8 D:QJ93 C:AK2,S:AT982 H:T94 D:842 C:Q6,auction_calm
Bidpractice/Set4,1,S:KQ7 H:AT4 D:K9 C:QJT85,S:J85 H:K6 D:87532 C:K73,S:AT92 H:Q973 D:AQ4 C:96,S:643 H:J852 D:JT6 C:A42,auction_calm
Bidpractice/Set4,2,S:KJ8754 H:86 D:KQ3 C:72,S:A93 H:J5 D:9864 C:KJ94,S:QT H:KQ93 D:A52 C:AT86,S:62 H:AT742 D:JT7 C:Q53,auction_calm
Bidpractice/Set4,3,S:K75 H:Q93 D:K75 C:AKJ3,S:AQT2 H:4 D:T943 C:T864,S:643 H:AKJ765 D:82 C:Q7,S:J98 H:T82 D:AQJ6 C:952,auction_calm
Bidpractice/Set4,4,S:73 H:KQ86 D:K42 C:JT95,S:QJ92 H:7 D:T853 C:A763,S:AK65 H:AT4 D:QJ97 C:K8,S:T84 H:J9532 D:A6 C:Q42,auction_calm
Bidpractice/Set4,5,S:KJ4 H:QT D:KQJ6 C:A973,S:T6532 H:K62 D:T C:KQ42,S:A9 H:AJ983 D:752 C:J86,S:Q87 H:754 D:A9843 C:T5,auction_calm
Bidpractice/Set4,6,S:Q87632 H:85 D:954 C:53,S:AT4 H:J4 D:JT62 C:AT86,S:KJ5 H:A76 D:A83 C:KQ94,S:9 H:KQT932 D:KQ7 C:J72,auction_calm
Bidpractice/Set4,7,S:Q63 H:QT92 D:A76 C:AK3,S:JT8 H:K4 D:T942 C:Q975,S:AK72 H:AJ86 D:53 C:T84,S:954 H:753 D:KQJ8 C:J62,auction_calm
Bidpractice/Set4,8,S:K974 H:K862 D:73 C:865,S:JT5 H:T5 D:984 C:KJ973,S:AQ82 H:AQ3 D:KT62 C:AQ,S:63 H:J974 D:AQJ5 C:T42,auction_calm
Bidpractice/Set4,9,S:AJT H:K9 D:A872 C:AT96,S:K63 H:74 D:953 C:KQ873,S:Q9874 H:AJT83 D:Q6 C:5,S:52 H:Q652 D:KJT4 C:J42,auction_calm
Bidpractice/Set4,10,S:KQ542 H:87 D:A8 C:Q764,S:JT7 H:J5 D:T964 C:AT93,S:A96 H:KQ62 D:K532 C:K8,S:83 H:AT943 D:QJ7 C:J52,auction_calm
Bidpractice/Set4,11,S:K86 H:A93 D:KQ8 C:AKJ2,S:AT952 H:8 D:T5 C:T8765,S:74 H:KQJ7542 D:A92 C:9,S:QJ3 H:T6 D:J7643 C:Q43,auction_calm
Bidpractice/Set4,12,S:K985 H:Q7 D:K87 C:J965,S:QJ742 H:T62 D:JT3 C:A8,S:A6 H:KJ53 D:A654 C:KT7,S:T3 H:A984 D:Q92 C:Q432,auction_calm
Bidpractice/Set4,13,S:A75 H:QJ6 D:AK52 C:QT9,S:T3 H:T984 D:QT4 C:K852,S:K9864 H:AK53 D:J8 C:64,S:QJ2 H:72 D:9763 C:AJ73,auction_calm
Bidpractice/Set4,14,S:Q865 H:K764 D:A32 C:54,S:JT4 H:T5 D:9864 C:A983,S:AK73 H:QJ2 D:J5 C:KQJ6,S:92 H:A983 D:KQT7 C:T72,auction_calm
Bidpractice/Set4,15,S:KQ H:AQ75 D:KT9 C:QJ84,S:A932 H:J83 D:J763 C:A9,S:JT8765 H:9 D:AQ5 C:T72,S:4 H:KT642 D:842 C:K653,auction_calm
Bidpractice/Set4,16,S:Q742 H:QJT75 D:K6 C:83,S:AT86 H:94 D:J9753 C:KJ,S:KJ5 H:AK6 D:AQ2 C:T762,S:93 H:832 D:T84 C:AQ954,auction_calm
Bidpractice/Set4,17,S:Q742 H:QJT75 D:K7 C:83,S:T96 H:93 D:853 C:AKJ95,S:AKJ5 H:K6 D:AQ62 C:T72,S:83 H:A842 D:JT94 C:Q64,auction_calm
Bidpractice/Set4,18,S:Q742 H:QJT75 D:K7 C:83,S:J3 H:843 D:JT9 C:KQ964,S:AK5 H:K6 D:AQ62 C:JT72,S:T986 H:A92 D:8543 C:A5,auction_calm
Bidpractice/Set4,19,S:KJ H:AK6 D:J953 C:KJ96,S:73 H:JT94 D:AK6 C:T742,S:QT8654 H:Q753 D:7 C:AQ,S:A92 H:82 D:QT842 C:853,auction_calm
Bidpractice/Set4,20,S:KQ3 H:QT9843 D:K5 C:A5,S:98542 H:7 D:QJ6 C:J742,S:A7 H:KJ65 D:A84 C:KQT8,S:JT6 H:A2 D:T9732 C:963,auction_calm
Bidpractice/Set4,21,S:Q965 H:AQ93 D:KQ8 C:A6,S:A84 H:T6 D:7642 C:KJT5,S:KJT3 H:K5 D:A93 C:8742,S:72 H:J8742 D:JT5 C:Q93,auction_calm
Bidpractice/Set4,22,S:J974 H:Q862 D:T876 C:4,S:KQ5 H:J5 D:42 C:KQJ763,S:AT6 H:AK74 D:AQ53 C:T9,S:832 H:T93 D:KJ9 C:A852,auction_calm
Bidpractice/Set4,23,S:AQ62 H:KJ8 D:A62 C:K87,S:T95 H:T4 D:9853 C:AT64,S:KJ73 H:Q95 D:KT4 C:Q93,S:84 H:A7632 D:QJ7 C:J52,auction_calm
Bidpractice/Set4,24,S:QT864 H:Q73 D:A6 C:T84,S:A93 H:T6 D:852 C:KQ973,S:KJ7 H:KJ54 D:KQ73 C:A5,S:52 H:A982 D:JT94 C:J62,auction_calm
Bidpractice/Set5,1,S:AK9873 H:82 D:986 C:J4,S:T64 H:J4 D:753 C:AK986,S:QJ2 H:K975 D:KQ2 C:Q53,S:5 H:AQT63 D:AJT4 C:T72,auction_calm
Bidpractice/Set5,2,S:AK9873 H:82 D:986 C:J4,S:T64 H:T4 D:T53 C:KQ986,S:QJ2 H:AK75 D:A72 C:A53,S:5 H:QJ963 D:KQJ4 C:T72,auction_calm
Bidpractice/Set5,3,S:AK9873 H:82 D:986 C:J4,S:T5 H:AJ6 D:JT43 C:AT96,S:QJ62 H:75 D:A72 C:Q753,S:4 H:KQT943 D:KQ5 C:K82,auction_calm
Bidpractice/Set5,4,S:KQ76 H:A62 D:53 C:AQ83,S:J852 H:KQT4 D:A C:JT42,S:43 H:85 D:KQJ9862 C:97,S:AT9 H:J973 D:T74 C:K65,auction_calm
Bidpractice/Set5,5,S:87 H:KQJ9732 D:5 C:864,S:K H:T54 D:QT98 C:QJT52,S:AJT643 H:A D:AK64 C:97,S:Q952 H:86 D:J732 C:AK3,auction_calm
Bidpractice/Set5,6,S:K4 H:KJ5 D:942 C:KQJ72,S:32 H:9874 D:AK83 C:T84,S:AQJ9765 H:QT2 D:7 C:63,S:T8 H:A63 D:QJT65 C:A95,auction_calm
Bidpractice/Set5,7,S:764 H:AK9743 D:72 C:Q5,S:AJ983 H:T5 D:J983 C:T8,S:KQ H:QJ D:AKQ65 C:KJ42,S:T52 H:862 D:T4 C:A9763,auction_calm
Bidpractice/Set5,8,S:AQ5 H:4 D:KQ94 C:KJ742,S:KT762 H:T5 D:AT73 C:AT,S:J83 H:KQJ762 D:85 C:85,S:94 H:A983 D:J62 C:Q963,auction_calm
Bidpractice/Set5,9,S:K84 H:AQT642 D:4 C:965,S:9 H:J53 D:KJT8 C:QT872,S:AQJT65 H:7 D:A95 C:KJ3,S:732 H:K98 D:Q7632 C:A4,auction_calm
Bidpractice/Set5,10,S:AK75 H:K63 D:KQJ54 C:A,S:QJ93 H:9 D:87 C:QJT763,S:6 H:AQJ8754 D:632 C:84,S:T842 H:T2 D:AT9 C:K952,auction_calm
Bidpractice/Set5,11,S:J3 H:76 D:97 C:KQ98752,S:9876 H:A983 D:K865 C:3,S:AQT H:KQJ D:QJT3 C:AJT,S:K542 H:T542 D:A42 C:64,auction_calm
Bidpractice/Set5,12,S:AQ63 H:Q82 D:AKQ C:KQJ,S:KT82 H:5 D:642 C:AT875,S:J4 H:KJT963 D:875 C:42,S:975 H:A74 D:JT93 C:963,auction_calm
Bidpractice/Set5,13,S:KQ9862 H:864 D:94 C:K6,S:A74 H:T2 D:65 C:QJT873,S:JT3 H:AK53 D:AQ732 C:4,S:5 H:QJ97 D:KJT8 C:A952,auction_calm
Bidpractice/Set5,14,S:A64 H:Q42 D:AJ4 C:AK65,S:T852 H:A987 D:95 C:J32,S:73 H:K53 D:KQT872 C:94,S:KQJ9 H:JT6 D:63 C:QT87,auction_calm
Bidpractice/Set5,15,S:975 H:76 D:AKQ962 C:83,S:J2 H:JT432 D:T8 C:QJ94,S:KQ8 H:AK8 D:J43 C:AT65,S:AT643 H:Q95 D:75 C:K72,auction_calm
Bidpractice/Set5,16,S:T92 H:A8743 D:3 C:AK92,S:A6 H:KJ965 D:QT82 C:T6,S:KQJ8753 H:2 D:754 C:J5,S:4 H:QT D:AKJ96 C:Q8743,auction_calm
Bidpractice/Set5,17,S:AK8762 H:83 D:83 C:K65,S:JT4 H:AQT92 D:QT52 C:8,S:Q9 H:J75 D:A96 C:AQJ42,S:53 H:K64 D:KJ74 C:T973,auction_calm
Bidpractice/Set5,18,S:QJ83 H:T6 D:KJ4 C:KQJ4,S:KT72 H:4 D:Q63 C:A9876,S:65 H:AQJ8753 D:975 C:5,S:A94 H:K92 D:AT82 C:T32,auction_calm
Bidpractice/Set5,19,S:54 H:863 D:AKQ974 C:85,S:8632 H:Q954 D:T5 C:J63,S:KQJ H:AK7 D:J63 C:AK42,S:AT97 H:JT2 D:82 C:QT97,auction_calm
Bidpractice/Set5,20,S:KJ6 H:AQJ42 D:964 C:A5,S:T83 H:865 D:QT C:KQT62,S:AQ9752 H:K3 D:852 C:73,S:4 H:T97 D:AKJ73 C:J984,auction_calm
Bidpractice/Set5,21,S:AQ9864 H:53 D:873 C:72,S:2 H:T987 D:KQJ5 C:KT43,S:KJ3 H:AQJ42 D:964 C:A5,S:T75 H:K6 D:AT2 C:QJ986,auction_calm
Bidpractice/Set5,22,S:A63 H:AKQJ742 D:A8 C:4,S:QJ97 H:T5 D:QJ62 C:AT7,S:5 H:8 D:9753 C:KQJ9863,S:KT842 H:963 D:KT4 C:52,auction_calm
Bidpractice/Set5,23,S:QJT742 H:KQ72 D:52 C:9,S:985 H:8 D:K943 C:KJT75,S:K3 H:AJ963 D:AQ7 C:864,S:A6 H:T54 D:JT86 C:AQ32,auction_calm
Bidpractice/Set5,24,S:AQ3 H:AJT D:K754 C:QT4,S:KT874 H:Q8 D:6 C:J9832,S:62 H:742 D:AJT832 C:K7,S:J95 H:K9653 D:Q9 C:A65,auction_calm
Bidpractice/Set6,1,S:AK9 H:AK2 D:A83 C:AJ74,S:JT53 H:T6 D:QT7 C:KQT8,S:872 H:754 D:J642 C:953,S:Q64 H:QJ983 D:K95 C:62,auction_calm
Bidpractice/Set6,2,S:K73 H:Q82 D:T986 C:542,S:QJ95 H:JT93 D:742 C:J7,S:A82 H:AK75 D:KQJ C:KQT,S:T64 H:64 D:A53 C:A9863,auction_calm
Bidpractice/Set6,3,S:K3 H:KQJ2 D:AQ98 C:AK4,S:A964 H:9873 D:J63 C:J8,S:QJT72 H:A5 D:742 C:653,S:85 H:T64 D:KT5 C:QT972,auction_calm
Bidpractice/Set6,4,S:A3 H:T982 D:986 C:8764,S:T975 H:6 D:KT53 C:QJ95,S:KQ2 H:AKQ75 D:A72 C:AT,S:J864 H:J43 D:QJ4 C:K32,auction_calm
Bidpractice/Set6,5,S:AJ87 H:AK D:A86 C:AKQJ,S:KT53 H:JT82 D:J94 C:T6,S:Q62 H:9753 D:Q52 C:953,S:94 H:Q64 D:KT73 C:8742,auction_calm
Bidpractice/Set6,6,S:642 H:754 D:J72 C:8653,S:Q5 H:T9 D:KQT95 C:JT94,S:A73 H:AKQ862 D:86 C:AK,S:KJT98 H:J3 D:A43 C:Q72,auction_calm
Bidpractice/Set6,7,S:AK63 H:AK82 D:KQJ C:KQ,S:JT85 H:4 D:964 C:AT986,S:42 H:QJ975 D:A52 C:753,S:Q97 H:T63 D:T873 C:J42,auction_calm
Bidpractice/Set6,8,S:AJ983 H:K72 D:6 C:A874,S:65 H:96 D:Q954 C:QT965,S:KQT2 H:AQJT5 D:AK2 C:K,S:74 H:843 D:JT873 C:J32,auction_calm
Bidpractice/Set6,9,S:KQ86 H:AKJ2 D:AKQ C:86,S:54 H:Q63 D:954 C:AJT97,S:AJT72 H:987 D:82 C:Q53,S:93 H:T54 D:JT763 C:K42,auction_calm
Bidpractice/Set6,10,S:K63 H:Q85 D:K764 C:953,S:T852 H:94 D:JT5 C:KQT8,S:AQ9 H:AK2 D:A83 C:AJ74,S:J74 H:JT763 D:Q92 C:62,auction_calm
Bidpractice/Set6,11,S:AK9 H:AJ82 D:A6 C:AK93,S:864 H:K4 D:Q984 C:QJT7,S:QJ72 H:QT75 D:72 C:854,S:T53 H:963 D:KJT53 C:62,auction_calm
Bidpractice/Set6,12,S:Q63 H:Q85 D:K764 C:KJ3,S:T852 H:94 D:JT5 C:T986,S:AK9 H:AK2 D:A83 C:AQ74,S:J74 H:JT763 D:Q92 C:52,auction_calm
Bidpractice/Set6,13,S:AKQ86 H:AKT82 D:A C:86,S:T94 H:Q4 D:T65 C:AJT75,S:72 H:9753 D:Q742 C:Q93,S:J53 H:J6 D:KJ983 C:K42,auction_calm
Bidpractice/Set6,14,S:K73 H:982 D:AQJ86 C:J2,S:T964 H:73 D:43 C:A8765,S:AQ2 H:AKQ5 D:K75 C:KQT,S:J85 H:JT64 D:T92 C:943,auction_calm
Bidpractice/Set6,15,S:K6 H:AKQJ2 D:KQJ C:KQJ,S:QJ5 H:T64 D:T73 C:T852,S:AT972 H:975 D:852 C:A3,S:843 H:83 D:A964 C:9764,auction_calm
Bidpractice/Set6,16,S:J42 H:8752 D:J72 C:K63,S:8 H:J94 D:KQT95 C:T985,S:AKQT3 H:AK6 D:86 C:AQ4,S:9765 H:QT3 D:A43 C:J72,auction_calm
Bidpractice/Set6,17,S:AQ H:KQJ2 D:AQ98 C:AK4,S:9853 H:83 D:763 C:JT98,S:KJ72 H:A75 D:J42 C:653,S:T64 H:T964 D:KT5 C:Q72,auction_calm
Bidpractice/Set6,18,S:7 H:KQJ832 D:986 C:874,S:T953 H:7 D:Q753 C:JT96,S:KQJ82 H:A5 D:AK2 C:AK2,S:A64 H:T964 D:JT4 C:Q53,auction_calm
Bidpractice/Set6,19,S:KQ87 H:AKQ2 D:AKJ6 C:6,S:642 H:T6 D:T54 C:AT987,S:AJT5 H:85 D:Q72 C:KQ53,S:93 H:J9743 D:983 C:J42,auction_calm
Bidpractice/Set6,20,S:2 H:QJ52 D:9872 C:T763,S:T974 H:4 D:K54 C:KJ985,S:AKQ63 H:AKT96 D:T6 C:A,S:J85 H:873 D:AQJ3 C:Q42,auction_calm
Bidpractice/Set6,21,S:QT85 H:AK6 D:AK8 C:KQJ,S:A963 H:T982 D:953 C:T6,S:KJ2 H:Q75 D:QT72 C:753,S:74 H:J43 D:J64 C:A9842,auction_calm
Bidpractice/Set6,22,S:K987 H:QJ82 D:986 C:74,S:T65 H:T97 D:A54 C:QT32,S:AQJ2 H:AK5 D:KQ73 C:A6,S:43 H:643 D:JT2 C:KJ985,auction_calm
Bidpractice/Set6,23,S:A8 H:KQ4 D:AKQJ86 C:K4,S:JT64 H:T3 D:54 C:QT987,S:K72 H:A975 D:T72 C:A53,S:Q953 H:J862 D:93 C:J62,auction_calm
Bidpractice/Set6,24,S:973 H:62 D:QJ9863 C:A4,S:KQ652 H:J973 D:5 C:986,S:8 H:AKQ5 D:AK72 C:KQJ3,S:AJT4 H:T84 D:T4 C:T752,auction_calm
Bidpractice/Set7,1,S:AKQ983 H:2 D:AK C:KQJ8,S:65 H:J96 D:J764 C:AT96,S:J742 H:KQ54 D:82 C:753,S:T H:AT873 D:QT953 C:42,auction_calm
Bidpractice/Set7,2,S:J3 H:AQT86 D:T3 C:JT74,S:KQ972 H:752 D:752 C:95,S:A64 H:KJ9 D:AKQJ9 C:KQ,S:T85 H:43 D:864 C:A8632,auction_calm
Bidpractice/Set7,3,S:A97 H:QJ42 D:KQ86 C:A5,S:JT642 H:AT73 D:T73 C:8,S:KQ H:K6 D:A4 C:KQJ9732,S:853 H:985 D:J952 C:T64,auction_calm
Bidpractice/Set7,4,S:AKQ643 H:K5 D:K73 C:AK,S:87 H:T8 D:J842 C:J7654,S:J952 H:AJ743 D:AQ C:98,S:T H:Q962 D:T965 C:QT32,auction_calm
Bidpractice/Set7,5,S:AK2 H:KQ65 D:KQJ C:KJ6,S:T964 H:3 D:T65 C:A9754,S:J73 H:AJT98 D:832 C:Q8,S:Q85 H:742 D:A974 C:T32,auction_calm
Bidpractice/Set7,6,S:A63 H:KT7 D:A94 C:Q987,S:JT85 H:QJ942 D:62 C:J4,S:KQ4 H:A8 D:KQJT73 C:K5,S:972 H:653 D:85 C:AT632,auction_calm
Bidpractice/Set7,7,S:KQ85 H:J63 D:87 C:AQJ4,S:74 H:KT7 D:K542 C:9876,S:AJ963 H:A4 D:AQJ6 C:K5,S:T2 H:Q9852 D:T93 C:T32,auction_calm
Bidpractice/Set7,8,S:A64 H:QJ9874 D:J983 C:,S:T9832 H:6 D:A65 C:J942,S:KQJ H:AKT D:KQ2 C:KQ73,S:75 H:532 D:T74 C:AT865,auction_calm
Bidpractice/Set7,9,S:K5 H:AKT753 D:K7 C:J96,S:JT76 H:4 D:J42 C:A8542,S:A842 H:QJ86 D:A9863 C:,S:Q93 H:92 D:QT5 C:KQT73,auction_calm
Bidpractice/Set7,10,S: H:A975 D:K9864 C:J932,S:QJ9742 H:82 D:Q75 C:A4,S:K53 H:KQJT3 D:A C:KQT6,S:AT86 H:64 D:JT32 C:875,auction_calm
Bidpractice/Set7,11,S:A9864 H:AKQ D:7 C:KJ63,S:JT H:T543 D:KQJT4 C:T5,S:K753 H:J87 D:A865 C:74,S:Q2 H:962 D:932 C:AQ982,auction_calm
Bidpractice/Set7,12,S:Q753 H:T942 D:A8 C:KJ4,S:K982 H:A D:T9653 C:732,S: H:KQJ863 D:KJ2 C:AQ65,S:AJT64 H:75 D:Q74 C:T98,auction_calm
Bidpractice/Set7,13,S:K62 H:AT9 D:AK3 C:AK84,S:T9843 H:Q86 D:6 C:JT92,S:A7 H:K3 D:QJ98742 C:76,S:QJ5 H:J7542 D:T5 C:Q53,auction_calm
Bidpractice/Set7,14,S:J8 H:J72 D:85 C:AKQT96,S:76532 H:A95 D:T642 C:2,S:AKQ H:KQ6 D:KQ3 C:J875,S:T94 H:T843 D:AJ97 C:43,auction_calm
Bidpractice/Set7,15,S:K75 H:Q96 D:A983 C:AQ7,S:42 H:A542 D:QT742 C:94,S:AQ6 H:K73 D:K6 C:KT653,S:JT983 H:JT8 D:J5 C:J82,auction_calm
Bidpractice/Set7,16,S:KQJ4 H:K6 D:K4 C:KQJT5,S:2 H:T932 D:QT8752 C:74,S:A876 H:QJ7 D:AJ3 C:A82,S:T953 H:A854 D:96 C:963,auction_calm
Bidpractice/Set7,17,S:AK H:AQT96 D:AQJ3 C:AK,S:643 H:2 D:T9854 C:QJ95,S:972 H:KJ53 D:K7 C:7642,S:QJT85 H:874 D:62 C:T83,auction_calm
Bidpractice/Set7,18,S:A62 H:AT4 D:K75 C:K862,S:T9843 H:Q86 D:82 C:T93,S:K7 H:K9 D:AQJT4 C:AQJ7,S:QJ5 H:J7532 D:963 C:54,auction_calm
Bidpractice/Set7,19,S:6 H:K4 D:KJ974 C:AQJ92,S:JT832 H:AJT985 D:2 C:5,S:AK5 H:7 D:QT653 C:KT84,S:Q974 H:Q632 D:A8 C:763,auction_calm
Bidpractice/Set7,20,S:K4 H:KQT95 D:A76 C:A54,S:T5 H:32 D:KT98 C:QT962,S:AQJ73 H:AJ86 D:53 C:87,S:9862 H:74 D:QJ42 C:KJ3,auction_calm
Bidpractice/Set7,21,S:A62 H:KQJ7 D:6 C:KQJT9,S:84 H:8 D:KQJT752 C:863,S:K53 H:AT952 D:A94 C:A4,S:QJT97 H:643 D:83 C:752,auction_calm
Bidpractice/Set7,22,S:87 H:Q974 D:KQ5 C:AT83,S:T943 H: D:AT984 C:7654,S:AKQ5 H:AJ652 D:6 C:KQJ,S:J62 H:KT83 D:J732 C:92,auction_calm
Bidpractice/Set7,23,S:AJ6 H:K5 D:AQ62 C:A974,S:73 H:T D:JT9854 C:QJ85,S:K42 H:AQJ8742 D:K C:K3,S:QT985 H:963 D:73 C:T62,auction_calm
Bidpractice/Set7,24,S:Q63 H:AT7 D:952 C:AT86,S:98742 H:J85 D:84 C:972,S:AK H:KQ4 D:KQJ3 C:KQJ5,S:JT5 H:9632 D:AT76 C:43,auction_calm
Bidpractice/Set8,1,S:KQJ96 H:4 D:KQJ7 C:AKQ,S:752 H:JT952 D:A84 C:94,S:A84 H:A873 D:T95 C:752,S:T3 H:KQ6 D:632 C:JT863,auction_calm
Bidpractice/Set8,2,S:KJ H:QJ85 D:QT97 C:Q42,S:9854 H:A3 D:654 C:9763,S:AQ7 H:KT742 D:KJ3 C:AK,S:T632 H:96 D:A82 C:JT85,auction_calm
Bidpractice/Set8,3,S:KT74 H:KQJ84 D:A6 C:A3,S:J H:T32 D:J854 C:T8762,S:AQ8632 H:5 D:KQ7 C:KQ5,S:95 H:A976 D:T932 C:J94,auction_calm
Bidpractice/Set8,4,S:A75 H:QT83 D:A854 C:92,S:KQJT94 H:2 D:KJ97 C:54,S:6 H:AK9754 D:6 C:KQJT3,S:832 H:J6 D:QT32 C:A876,auction_calm
Bidpractice/Set8,5,S:AK9842 H:KQT6 D:84 C:A,S: H:843 D:QJ97 C:QJ9863,S:QJ73 H:AJ5 D:T632 C:K4,S:T65 H:972 D:AK5 C:T752,auction_calm
Bidpractice/Set8,6,S:AJ7 H:J6 D:QJT87 C:A64,S:K85432 H:3 D:2 C:JT952,S:6 H:KQ872 D:AK963 C:KQ,S:QT9 H:AT954 D:54 C:873,auction_calm
Bidpractice/Set8,7,S:KQ7 H:J6 D:A64 C:QJT87,S:AJT982 H:5 D:JT873 C:4,S:6 H:KQ872 D:KQ C:AK963,S:543 H:AT943 D:952 C:52,auction_calm
Bidpractice/Set8,8,S:KQJ8752 H:4 D:K6 C:AK5,S: H:K87 D:T98743 C:T863,S:A96 H:QJT3 D:AQJ C:QJ9,S:T43 H:A9652 D:52 C:742,auction_calm
Bidpractice/Set8,9,S:AJT5 H:AK D:K5 C:AKQJ4,S:62 H:T9 D:AJT972 C:T85,S:KQ8743 H:Q75 D: C:9762,S:9 H:J86432 D:Q8643 C:3,auction_calm
Bidpractice/Set8,10,S:A6 H:AQ8752 D:KQ3 C:87,S:742 H: D:JT9854 C:AJ53,S:KQ3 H:KT93 D:A6 C:KQ96,S:JT985 H:J64 D:72 C:T42,auction_calm
Bidpractice/Set8,11,S:AQ64 H:AKQ D:A5 C:KJ63,S: H:T762 D:QJT742 C:T85,S:KT7532 H:8 D:K86 C:AQ4,S:J98 H:J9543 D:93 C:972,auction_calm
Bidpractice/Set8,12,S:AK753 H:8 D:KQ72 C:KQ4,S:2 H:KT542 D:T863 C:T83,S:Q86 H:QJ3 D:AJ5 C:AJ65,S:JT94 H:A976 D:94 C:972,auction_calm
Bidpractice/Set8,13,S:K93 H:AT6 D:A9862 C:K9,S:T H:Q543 D:T75 C:J7642,S:AQJ652 H:K82 D:Q C:A85,S:874 H:J97 D:KJ43 C:QT3,auction_calm
Bidpractice/Set8,14,S:AK H:QJ3 D:AKQ5 C:A962,S:T87432 H:6 D:J4 C:QJT3,S:95 H:AK98742 D:73 C:87,S:QJ6 H:T5 D:T9862 C:K54,auction_calm
Bidpractice/Set8,15,S:QT875 H:K6 D:AK3 C:AKJ,S:K2 H:T754 D:JT985 C:84,S:J9643 H:AQ3 D:Q7 C:Q53,S:A H:J982 D:642 C:T9762,auction_calm
Bidpractice/Set8,16,S:KQ5 H:AQ96 D:764 C:K96,S:9843 H:3 D:AJT8 C:8743,S:AJ6 H:K75 D:KQ53 C:AJ5,S:T72 H:JT842 D:92 C:QT2,auction_calm
Bidpractice/Set8,17,S:K5 H:AK9762 D:K8 C:764,S:QJT863 H: D:T94 C:AK32,S:A972 H:QJ53 D:QJ753 C:,S:4 H:T84 D:A62 C:QJT985,auction_calm
Bidpractice/Set8,18,S:AK63 H:KQT4 D:KQ85 C:2,S:J54 H:763 D:J97 C:T653,S:Q982 H:A95 D:A64 C:KQJ,S:T7 H:J82 D:T32 C:A9874,auction_calm
Bidpractice/Set8,19,S:AK63 H:KQT4 D:KQ85 C:2,S:Q4 H:632 D:763 C:97653,S:J982 H:A95 D:AJ4 C:KQJ,S:T75 H:J87 D:T92 C:AT84,auction_calm
Bidpractice/Set8,20,S:AK4 H:J95 D:AK76 C:A54,S:QJT985 H: D:QJ942 C:32,S:732 H:AKQ864 D:53 C:87,S:6 H:T732 D:T8 C:KQJT96,auction_calm
Bidpractice/Set8,21,S:AQJ862 H:KQ7 D:KQJ C:A,S: H:J86 D:T9762 C:KJT83,S:K53 H:A952 D:854 C:654,S:T974 H:T43 D:A3 C:Q972,auction_calm
Bidpractice/Set8,22,S:A72 H:Q74 D:985 C:9843,S:T64 H:T98 D:AQJ3 C:762,S:KQJ5 H:AK652 D:6 C:AKQ,S:983 H:J3 D:KT742 C:JT5,auction_calm
Bidpractice/Set8,23,S:A72 H:J9874 D:85 C:843,S:T9864 H:Q D:QJ943 C:52,S:KQJ5 H:AK652 D:6 C:AKQ,S:3 H:T3 D:AKT72 C:JT976,auction_calm
Bidpractice/Set8,24,S:AK963 H:AJ75 D:KQ2 C:6,S:Q4 H:32 D:A986 C:J9742,S:85 H:KQ964 D:73 C:AK85,S:JT72 H:T8 D:JT54 C:QT3,auction_calm
Bidpractice/Set9,1,S:A73 H:QJT82 D:K86 C:Q4,S:QJT985 H: D:QJ954 C:62,S:K42 H:AK75 D:A2 C:8753,S:6 H:9643 D:T73 C:AKJT9,auction_calm
Bidpractice/Set9,2,S:K854 H:KQ84 D:T52 C:KQ,S:Q32 H:JT D:KJ843 C:J86,S:AJT96 H:A62 D:AQ C:T52,S:7 H:9753 D:976 C:A9743,auction_calm
Bidpractice/Set9,3,S:AJT762 H:KT D:AJ6 C:J4,S:4 H:8742 D:T532 C:AQ85,S:KQ53 H:QJ5 D:KQ C:9732,S:98 H:A963 D:9874 C:KT6,auction_calm
Bidpractice/Set9,4,S:K9652 H:A76 D:Q5 C:KQ8,S:T H:T984 D:T972 C:AT64,S:AQJ743 H:KQJ5 D:J3 C:7,S:8 H:32 D:AK864 C:J9532,auction_calm
Bidpractice/Set9,5,S:K9652 H:A76 D:A5 C:Q98,S:T H:T984 D:T972 C:AJ64,S:AQJ743 H:KQJ5 D:J3 C:7,S:8 H:32 D:KQ864 C:KT532,auction_calm
Bidpractice/Set9,6,S:KQ H:K875 D:A9 C:KQT92,S:T974 H:3 D:T8652 C:AJ7,S:A5 H:AJT962 D:KQ7 C:63,S:J8632 H:Q4 D:J43 C:854,auction_calm
Bidpractice/Set9,7,S:AQT64 H:KQJ7 D:KJ C:J5,S: H:8642 D:AT7642 C:842,S:KJ972 H:A95 D:Q5 C:KQT,S:853 H:T3 D:983 C:A9763,auction_calm
Bidpractice/Set9,8,S:A763 H:AQ84 D:94 C:KQ2,S:T42 H:T9 D:AKT32 C:J96,S:KQJ85 H:KJ7 D:Q85 C:84,S:9 H:6532 D:J76 C:AT753,auction_calm
Bidpractice/Set9,9,S:Q84 H:AK842 D:4 C:KJ95,S:K3 H:5 D:98632 C:AQT87,S:A765 H:QJT7 D:KQ75 C:4,S:JT92 H:963 D:AJT C:632,auction_calm
Bidpractice/Set9,10,S:KJ75 H:K6 D:KQ98 C:J83,S:2 H:9842 D:A53 C:AT752,S:AQ9864 H:QJ7 D:J2 C:KQ,S:T3 H:AT53 D:T764 C:964,auction_calm
Bidpractice/Set9,11,S:KQ H:AJT976 D:97 C:A96,S:J7654 H: D:QJ832 C:QT5,S:A983 H:KQ83 D:AK4 C:72,S:T2 H:542 D:T65 C:KJ843,auction_calm
Bidpractice/Set9,12,S:K763 H:J83 D:KQ C:AK83,S:J H:T62 D:AJT7643 C:T6,S:AQ984 H:AK4 D:98 C:QJ2,S:T52 H:Q975 D:52 C:9754,auction_calm
Bidpractice/Set9,13,S:KQJ H:KQJ84 D:94 C:J65,S:A9876 H:76 D:K763 C:T7,S:3 H:A953 D:AJT2 C:KQ94,S:T542 H:T2 D:Q85 C:A832,auction_calm
Bidpractice/Set9,14,S:764 H:KQJ84 D:K4 C:A65,S:QJ52 H:T6 D:Q763 C:832,S:3 H:A953 D:AJT2 C:KQ94,S:AKT98 H:72 D:985 C:JT7,auction_calm
Bidpractice/Set9,15,S:A75 H:QJT76 D:J8 C:KQ3,S:J9864 H:43 D:AT92 C:97,S:KQ H:AK8 D:7543 C:JT65,S:T32 H:952 D:KQ6 C:A842,auction_calm
Bidpractice/Set9,16,S:KQJ H:A873 D:62 C:AJ92,S:AT542 H:4 D:T9875 C:76,S:3 H:KJ9652 D:KQJ C:KQ5,S:9876 H:QT D:A43 C:T843,auction_calm
Bidpractice/Set9,17,S:6 H:AK972 D:87 C:KQ865,S:KT875 H:65 D:A542 C:T7,S:AQ9 H:QJ83 D:QJ96 C:J2,S:J432 H:T4 D:KT3 C:A943,auction_calm
Bidpractice/Set9,18,S:QJ84 H:K875 D:AJ4 C:64,S: H:QT632 D:Q863 C:K952,S:AK9765 H:J9 D:K75 C:AQ,S:T32 H:A4 D:T92 C:JT873,auction_calm
Bidpractice/Set9,19,S:KQ954 H:AQ8 D:Q97 C:QJ,S: H:96532 D:J654 C:A842,S:JT863 H:KJ7 D:AK3 C:K5,S:A72 H:T4 D:T82 C:T9763,auction_calm
Bidpractice/Set9,20,S:KJ96 H:KQ98 D:Q94 C:A5,S: H:T7642 D:A875 C:J842,S:AQ8752 H:A3 D:J62 C:KQ,S:T43 H:J5 D:KT3 C:T9763,auction_calm
Bidpractice/Set9,21,S:KJ84 H:AK943 D:A96 C:7,S:2 H:6 D:J73 C:K9865432,S:AQ963 H:QJ75 D:KQ C:QJ,S:T75 H:T82 D:T8542 C:AT,auction_calm
Bidpractice/Set9,22,S:K973 H:A42 D:AK82 C:K8,S:T H:Q963 D:QJT965 C:J5,S:AQJ86 H:85 D:3 C:AQ963,S:542 H:KJT7 D:74 C:T742,auction_calm
Bidpractice/Set9,23,S:A95 H:KQJ72 D:AQ C:964,S:T7643 H:4 D:J92 C:AQT5,S:KQJ H:AT93 D:K8754 C:8,S:82 H:865 D:T63 C:KJ732,auction_calm
Bidpractice/Set9,24,S:AJ53 H:A6 D:KJ72 C:874,S: H:98743 D:Q654 C:AJ62,S:KQ9762 H:KQJ2 D:A8 C:5,S:T84 H:T5 D:T93 C:KQT93,auction_calm
Blackwood,1,S:9 H:QJT75 D:AKQ3 C:KQ4,S:T8432 H:83 D:64 C:A952,S:AK H:K942 D:JT85 C:863,S:QJ765 H:A6 D:972 C:JT7,auction_calm
Blackwood,2,S:K95 H:A7 D:KQ3 C:KQJ64,S:432 H:T9843 D:J5 C:T52,S:QJ8 H:KQ2 D:AT986 C:A9,S:AT76 H:J65 D:742 C:873,auction_calm
Blackwood,3,S:AQJ H:QJT5 D:975 C:KQJ,S:632 H:A8643 D: C:98652,S:K8 H:K2 D:KQJT843 C:A3,S:T9754 H:97 D:A62 C:T74,auction_calm
Blackwood,4,S:KQ7 H:A65 D:QT83 C:KJ4,S:432 H:874 D:A974 C:962,S:A98 H:KQJT D:KJ6 C:AQ3,S:JT65 H:932 D:52 C:T875,auction_calm
Blackwood,5,S:84 H:AJT863 D:63 C:A75,S:QJ952 H:5 D:8 C:KJT943,S:AK H:K942 D:KQJT54 C:8,S:T763 H:Q7 D:A972 C:Q62,auction_calm
Blackwood,6,S:K5 H:A985 D:AQ C:KQJ54,S:T32 H:632 D:532 C:A972,S:A986 H:KQJT D:KT86 C:3,S:QJ74 H:74 D:J974 C:T86,auction_calm
Blackwood,7,S:QT6 H:AQ5 D:T87 C:AQ52,S:J42 H:987632 D:A2 C:97,S:AK H:KT D:KQJ94 C:KT83,S:98753 H:J4 D:653 C:J64,auction_calm
Blackwood,8,S:T92 H:AKQT5 D:AK C:KQJ,S:5 H:9842 D:Q532 C:T852,S:AQJ873 H:6 D:T86 C:A63,S:K64 H:J73 D:J974 C:974,auction_calm
Blackwood,9,S:642 H:AQ9742 D: C:8542,S:QT987 H:6 D:A9652 C:QT,S:AK H:K853 D:KQJ4 C:A93,S:J53 H:JT D:T873 C:KJ76,auction_calm
Blackwood,10,S:KQ4 H:KQJ3 D:KQJ5 C:AK,S:832 H:T76 D:42 C:JT852,S:AT7 H:952 D:AT86 C:Q63,S:J965 H:A84 D:973 C:974,auction_calm
Blackwood,11,S:AT H:AK76 D:A85 C:AKJ5,S:5 H:JT842 D:62 C:QT842,S:KQJ8643 H:3 D:KQJ4 C:7,S:972 H:Q95 D:T973 C:963,auction_calm
Blackwood,12,S:AQJ2 H:KQJ D:J6 C:KQJ8,S:7 H:T7543 D:Q9853 C:T5,S:KT983 H:2 D:AKT4 C:A73,S:654 H:A986 D:72 C:9642,auction_calm
Blackwood,13,S:QT92 H:AJ43 D:Q7 C:QT6,S:7 H:T5 D:A5432 C:J9875,S:AKJ83 H:KQ76 D:98 C:AK,S:654 H:982 D:KJT6 C:432,auction_calm
Blackwood,14,S:Q85 H:AK4 D:KJT C:KT43,S:976 H:7 D:876532 C:A52,S:AK43 H:QJ86 D:A9 C:QJ6,S:JT2 H:T9532 D:Q4 C:987,auction_calm
Blackwood,15,S:964 H:AJ953 D:AQJ3 C:7,S:752 H: D:K542 C:QT9832,S:KQJ83 H:K8764 D:7 C:AK,S:AT H:QT2 D:T986 C:J654,auction_calm
Blackwood,16,S:KQ72 H:Q4 D:AQ84 C:A52,S:9 H:JT975 D:T92 C:Q743,S:AT643 H:K8 D:KJ5 C:KJ6,S:J85 H:A632 D:763 C:T98,auction_calm
Blackwood,17,S:KQJ H:AJ4 D:AT53 C:JT8,S:9742 H:T9 D: C:KQ76542,S:A53 H:KQ5 D:KQJ874 C:9,S:T86 H:87632 D:962 C:A3,auction_calm
Blackwood,18,S:KT742 H:AK D:A C:KJ863,S: H:QT7532 D: C:AQT9752,S:AQJ9853 H:964 D:873 C:,S:6 H:J8 D:KQJT96542 C:4,auction_calm
Blackwood,19,S:KQJ H:J97 D:KQJ C:AQJ7,S:T986542 H: D:A8763 C:2,S:A7 H:KQT86543 D:4 C:K6,S:3 H:A2 D:T952 C:T98543,auction_calm
Blackwood,20,S:KJ H:AK7532 D:K6 C:873,S:QT9765 H:T D:J532 C:K2,S:A843 H:QJ986 D:A984 C:,S:2 H:4 D:QT7 C:AQJT9654,auction_calm
Cue-bid,1,S:AQ876 H:73 D:KQJ7 C:Q2,S:J54 H:AQJ852 D:9 C:A63,S:KT93 H:64 D:A64 C:KJ98,S:2 H:KT9 D:T8532 C:T754,auction_1s_2h
Cue-bid,2,S:KQ63 H:A873 D:Q8 C:842,S:5 H:JT52 D:T65432 C:Q3,S:AT984 H:964 D:AK7 C:A5,S:J72 H:KQ D:J9 C:KJT976,auction_1s_2c
Cue-bid,3,S:742 H:AK654 D:AJ3 C:43,S:AKQJT93 H:8 D:9875 C:5,S:85 H:Q973 D:KQ4 C:QJ92,S:6 H:JT2 D:T62 C:AKT876,auction_1h_1s
Cue-bid,4,S:A3 H:Q874 D:J62 C:8742,S:JT8 H:T D:KQT83 C:QJ53,S:964 H:AKJ53 D:974 C:AK,S:KQ752 H:962 D:A5 C:T96,auction_1h_1s
Cue-bid,5,S:AQ876 H:73 D:KQJ7 C:92,S:5 H:KQT985 D:982 C:KQ5,S:KT93 H:64 D:A64 C:T863,S:J42 H:AJ2 D:T53 C:AJ74,auction_1s_2h
Cue-bid,6,S:843 H:KT64 D:AQ5 C:Q93,S:QT9 H:A D:T9862 C:JT42,S:J6 H:QJ975 D:J74 C:AK5,S:AK752 H:832 D:K3 C:876,auction_1h_1s
Cue-bid,7,S:AKT94 H:853 D:653 C:K9,S:73 H:KQT6 D:T87 C:J754,S:QJ86 H:7 D:AKQ4 C:8632,S:52 H:AJ942 D:J92 C:AQT,auction_1h
Cue-bid,8,S:JT98 H:J94 D:A862 C:AJ,S:53 H:762 D:T973 C:7642,S:AKQ642 H:8 D:KQ4 C:KQ5,S:7 H:AKQT53 D:J5 C:T983,auction_1s_2h
Cue-bid,9,S:QJ74 H:KQJT2 D:873 C:T,S:K32 H:653 D:AJT C:9763,S:86 H:A984 D:9654 C:AQJ,S:AT95 H:7 D:KQ2 C:K8542,auction_1c
Cue-bid,9,S:QJ74 H:KQJT2 D:873 C:T,S:A9532 H:65 D:JT C:K954,S:86 H:A984 D:9654 C:AQJ,S:KT H:73 D:AKQ2 C:87632,auction_1c_1h_1s
Cue-bid,10,S:A73 H:AK853 D:A6 C:974,S:J4 H:4 D:K32 C:AKQJT86,S:KQT6 H:QJ976 D:QJ75 C:,S:9852 H:T2 D:T984 C:532,auction_1h_2c
DONT,1,S:A932 H:JT6 D:73 C:KQ65,S:KJ86 H:A4 D:K84 C:AT74,S:54 H:KQ982 D:AJT96 C:3,S:QT7 H:753 D:Q52 C:J982,auction_1nt
DONT,2,S:A92 H:AKJT63 D:73 C:65,S:J873 H:75 D:Q942 C:AT2,S:654 H:982 D:A865 C:973,S:KQT H:Q4 D:KJT C:KQJ84,auction_1nt
DONT,3,S:KJ9 H:A4 D:Q872 C:A965,S:632 H:6 D:JT96 C:KQJ32,S:QT854 H:QT982 D:53 C:7,S:A7 H:KJ753 D:AK4 C:T84,auction_1nt
DONT,4,S:A975 H:63 D:KQ752 C:65,S:Q42 H:AQ94 D:A3 C:K842,S:83 H:KJ82 D:964 C:AQ73,S:KJT6 H:T75 D:JT8 C:JT9,auction_1nt
DONT,5,S:QJ4 H:74 D:Q75 C:AJ962,S:AK962 H:A53 D:KT C:K84,S:T75 H:KQJ982 D:A96 C:3,S:83 H:T6 D:J8432 C:QT75,auction_1nt
DONT,6,S:T7 H:AJ9742 D:A82 C:KQ,S:K5 H:83 D:J765 C:A7653,S:QJ98643 H:65 D:94 C:T2,S:A2 H:KQT D:KQT3 C:J984,auction_1nt
DONT,7,S:AJ97 H:J73 D:KQ5 C:QJ4,S:QT652 H: D:742 C:A9862,S:4 H:KQ9862 D:863 C:T75,S:K83 H:AT54 D:AJT9 C:K3,auction_1nt
DONT,8,S:K2 H:63 D:753 C:KJ9653,S:T96 H:K4 D:AKJ82 C:A42,S:A873 H:J852 D:Q964 C:Q,S:QJ54 H:AQT97 D:T C:T87,auction_1nt
DONT,9,S:J4 H:KQJT743 D:75 C:62,S:AT72 H:A95 D:AK3 C:QT7,S:85 H:82 D:T96 C:AKJ983,S:KQ963 H:6 D:QJ842 C:54,auction_1nt
DONT,10,S:KQJ83 H:AT764 D:6 C:K8,S:A942 H:93 D:832 C:T542,S:7 H:QJ82 D:KQT74 C:973,S:T65 H:K5 D:AJ95 C:AQJ6,auction_1nt
DONT,11,S:KJ96 H:K973 D:AQ65 C:8,S:87 H:JT2 D:JT73 C:J642,S:AT32 H:64 D:98 C:KT975,S:Q54 H:AQ85 D:K42 C:AQ3,auction_1nt
DONT,12,S:KT8652 H:J63 D:T5 C:87,S:Q4 H:A54 D:K9742 C:KQJ,S:AJ73 H:KQ9 D:AQ86 C:63,S:9 H:T872 D:J3 C:AT9542,auction_1nt
DONT,13,S:A864 H:QT87 D:K642 C:Q,S:QJ H:AK63 D:AJ8 C:7652,S:75 H:52 D:Q95 C:AKJ983,S:KT932 H:J94 D:T73 C:T4,auction_1nt
DONT,14,S:KQ985 H:64 D:86 C:KQ92,S:43 H:J982 D:AQ3 C:J764,S:A76 H:QT53 D:J742 C:85,S:JT2 H:AK7 D:KT95 C:AT3,auction_1nt
DONT,15,S:87 H:KQJT87 D:965 C:83,S:T95 H:5 D:QJT732 C:A42,S:AK632 H:94 D:8 C:KQ975,S:QJ4 H:A632 D:AK4 C:JT6,auction_1nt
DONT,16,S:Q9742 H:KT94 D:75 C:42,S:KJT6 H:AQ32 D:KT C:AT5,S:A3 H:J65 D:AQ86 C:K863,S:85 H:87 D:J9432 C:QJ97,auction_1nt
DONT,17,S:T64 H:JT83 D:AJ8 C:A75,S:A83 H:AQ94 D:KT6 C:Q92,S:KQJ975 H:52 D:Q95 C:83,S:2 H:K76 D:7432 C:KJT64,auction_1nt
DONT,18,S:8653 H:Q92 D:754 C:Q63,S:KQ H:8643 D:AKT C:KJ98,S:AJT H:KJ7 D:QJ96 C:AT7,S:9742 H:AT5 D:832 C:542,auction_1nt
DONT,19,S:J64 H:AT865 D:KQ9 C:K4,S:8 H:KQ732 D:J2 C:JT832,S:KQT932 H:9 D:864 C:975,S:A75 H:J4 D:AT753 C:AQ6,auction_1nt
DONT,20,S:QT742 H:KT974 D:5 C:42,S:AK6 H:QJ3 D:T2 C:AQ975,S:J93 H:A65 D:AQ86 C:K83,S:85 H:82 D:KJ9743 C:JT6,auction_1nt
Drury,1,S:K43 H:AQJ54 D:63 C:T95,S:JT982 H:9 D:AQT98 C:AJ,S:A5 H:KT83 D:K752 C:843,S:Q76 H:762 D:J4 C:KQ762,auction_calm
Drury,2,S:Q874 H:A53 D:KQ3 C:T82,S:T32 H:K72 D:85 C:KQJ73,S:AKJ95 H:Q94 D:76 C:965,S:6 H:JT86 D:AJT942 C:A4,auction_calm
Drury,3,S:AK952 H:K83 D:QJ C:752,S:6 H:QJ965 D:A2 C:QJT63,S:QJT7 H:A4 D:KT953 C:94,S:843 H:T72 D:8764 C:AK8,auction_calm
Drury,4,S:A94 H:AJ7 D:KT83 C:T82,S:Q86 H:954 D:A2 C:J9643,S:752 H:KQT63 D:QJ9 C:A7,S:KJT3 H:82 D:7654 C:KQ5,auction_calm
Drury,5,S:Q84 H:AKJ53 D:82 C:A74,S:AJ952 H: D:KJ95 C:J652,S:7 H:Q9864 D:T743 C:K83,S:KT63 H:T72 D:AQ6 C:QT9,auction_calm
Drury,6,S:T642 H:KQ5 D:86 C:AQ93,S:A3 H:JT62 D:54 C:JT652,S:QJ9875 H:A4 D:KQJ C:87,S:K H:9873 D:AT9732 C:K4,auction_calm
Drury,7,S:KT843 H:J53 D:J76 C:AK,S:7 H:QT864 D:A4 C:JT832,S:QJ96 H:AK D:852 C:9765,S:A52 H:972 D:KQT93 C:Q4,auction_calm
Drury,8,S:JT96 H:Q8 D:86 C:K8653,S:2 H:J632 D:AJ954 C:QJ4,S:KQ875 H:K74 D:KQ7 C:T2,S:A43 H:AT95 D:T32 C:A97,auction_calm
FSF,1,S:KQ92 H:AT6 D:J5 C:K954,S:64 H:73 D:AQ842 C:QT72,S:A5 H:KQ982 D:T96 C:A63,S:JT873 H:J54 D:K73 C:J8,auction_calm
FSF,2,S:K72 H:AJT93 D:Q6 C:953,S:J43 H:Q65 D:J3 C:QJ862,S:Q986 H:82 D:AK74 C:AT4,S:AT5 H:K74 D:T9852 C:K7,auction_calm
FSF,3,S:KQ92 H:T6 D:AJ5 C:K954,S:64 H:J43 D:Q842 C:QT72,S:A5 H:KQ982 D:T96 C:A63,S:JT873 H:A75 D:K73 C:J8,auction_calm
FSF,4,S:AK752 H:863 D:AK C:984,S:JT98 H:KQ42 D:8762 C:T,S:6 H:AJT D:QT954 C:AQ73,S:Q43 H:975 D:J3 C:KJ652,auction_calm
FSF,5,S:Q4 H:AT864 D:83 C:AK82,S:9865 H:K92 D:A7652 C:9,S:KJT7 H:QJ D:KQJ9 C:J76,S:A32 H:753 D:T4 C:QT543,auction_calm
FSF,6,S:AK985 H:A5 D:87 C:QJ94,S:JT64 H:JT2 D:AQJ95 C:7,S:7 H:KQ863 D:T4 C:AKT86,S:Q32 H:974 D:K632 C:532,auction_calm
FSF,7,S:4 H:AJ863 D:QJT7 C:AJ9,S:A985 H:95 D:85 C:QT752,S:KQJ76 H:KQ D:K64 C:863,S:T32 H:T742 D:A932 C:K4,auction_calm
FSF,8,S:KT854 H:AKT7 D:85 C:K4,S:AJ97 H:64 D:64 C:JT762,S:6 H:QJ82 D:AKT9 C:A985,S:Q32 H:953 D:QJ732 C:Q3,auction_calm
FSF,9,S:A3 H:AQJ72 D:QT83 C:64,S:964 H:K95 D:J2 C:QJT32,S:KQJ5 H:864 D:AK7 C:975,S:T872 H:T3 D:9654 C:AK8,auction_calm
FSF,10,S:KQJ62 H:963 D:A6 C:K54,S:A985 H:T7 D:75 C:JT872,S:743 H:K2 D:KJT8 C:AQ96,S:T H:AQJ854 D:Q9432 C:3,auction_calm
FSF,11,S:KJ3 H:QT975 D:AQ96 C:6,S:Q6 H:A42 D:J8754 C:T94,S:975 H:63 D:KT C:AKQJ83,S:AT842 H:KJ8 D:32 C:752,auction_calm
FSF,12,S:KQ95 H:K3 D:AJ863 C:93,S:T2 H:Q964 D:K4 C:JT852,S:A863 H:AJ75 D:9 C:KQ64,S:J74 H:T82 D:QT752 C:A7,auction_calm
FSF,13,S:T94 H:KQJ62 D:6 C:AK65,S:82 H:9 D:KQJT875 C:JT4,S:KQJ53 H:73 D:A94 C:Q83,S:A76 H:AT854 D:32 C:972,auction_calm
FSF,14,S:A7 H:AQ743 D:T82 C:JT5,S:43 H:82 D:AQJ743 C:973,S:KT86 H:KJ9 D:6 C:AK642,S:QJ952 H:T65 D:K95 C:Q8,auction_calm
Help,1,S:QT6 H:T86 D:AJ4 C:J752,S:K987 H:K7 D:97 C:QT984,S:A5 H:AQ942 D:T853 C:K3,S:J432 H:J53 D:KQ62 C:A6,auction_calm
Help,2,S:KQT98 H:Q543 D:AQ C:A5,S:A53 H:A72 D:74 C:JT983,S:J742 H:K8 D:965 C:K762,S:6 H:JT96 D:KJT832 C:Q4,auction_calm
Help,3,S:T853 H:KQ54 D:Q76 C:94,S:K42 H:J62 D:43 C:QJ872,S:AQJ96 H:A7 D:AK5 C:T63,S:7 H:T983 D:JT982 C:AK5,auction_calm
Help,4,S:A3 H:AQJ92 D:Q742 C:K8,S:QT985 H:T3 D:AJT9 C:Q9,S:J42 H:K85 D:653 C:A762,S:K76 H:764 D:K8 C:JT543,auction_calm
Help,5,S:QJ2 H:K863 D:865 C:T95,S:T74 H:4 D:QJT974 C:AK4,S:K3 H:AJ972 D:AK C:J863,S:A9865 H:QT5 D:32 C:Q72,auction_calm
Help,6,S:AKQ92 H:Q873 D:A4 C:Q7,S:J64 H:A94 D:87 C:K9853,S:8753 H:6 D:KQ53 C:JT62,S:T H:KJT52 D:JT962 C:A4,auction_calm
Help,7,S:Q65 H:T864 D:AJ73 C:76,S:92 H:AQ973 D:5 C:JT942,S:AKJ84 H:2 D:K642 C:A83,S:T73 H:KJ5 D:QT98 C:KQ5,auction_calm
Help,8,S:KQ5 H:AQT75 D:AJ C:J64,S:JT843 H:8 D:K42 C:A972,S:A62 H:KJ6 D:9653 C:Q83,S:97 H:9432 D:QT87 C:KT5,auction_calm
Help,9,S:K8 H:J742 D:K762 C:965,S:AT972 H: D:T98 C:KJT72,S:Q543 H:KQT98 D:A5 C:AQ,S:J6 H:A653 D:QJ43 C:843,auction_calm
Help,10,S:AKQ84 H:62 D:962 C:AK8,S:92 H:QT87 D:A7 C:97643,S:T53 H:AK53 D:853 C:QT2,S:J76 H:J94 D:KQJT4 C:J5,auction_calm
Jacoby,1,S:K764 H:KT6 D:A953 C:K8,S:5 H:A9743 D:Q2 C:T9742,S:AQJT8 H:QJ2 D:84 C:Q53,S:932 H:85 D:KJT76 C:AJ6,auction_calm
Jacoby,2,S:KQJ62 H:6 D:KJ75 C:A84,S:943 H:AT D:QT92 C:JT72,S:AT87 H:KJ95 D:84 C:KQ3,S:5 H:Q87432 D:A63 C:965,auction_calm
Jacoby,3,S:QJ95 H:AJ63 D:K7 C:KT4,S:4 H:T972 D:A9 C:A97632,S:AKT87 H:KQ5 D:JT84 C:8,S:632 H:84 D:Q6532 C:QJ5,auction_calm
Jacoby,4,S:AQJT8 H:K4 D:84 C:AQ83,S:6 H:AQT863 D:3 C:97642,S:K943 H:72 D:KQJ95 C:KJ,S:752 H:J95 D:AT762 C:T5,auction_calm
Jacoby,5,S:K973 H:J7 D:KQ65 C:KJ8,S:62 H:AQ63 D:97 C:97652,S:AQJT85 H:K4 D:84 C:AT3,S:4 H:T9852 D:AJT32 C:Q4,auction_calm
Jacoby,6,S:A65 H:AT754 D:A7 C:862,S:T942 H:93 D:652 C:AJT3,S:K3 H:KQ86 D:KQJ3 C:975,S:QJ87 H:J2 D:T984 C:KQ4,auction_calm
Jacoby,7,S:QJ H:AJT6 D:Q52 C:KJ73,S:AKT82 H:8 D:763 C:9862,S:73 H:KQ972 D:AKJ98 C:5,S:9654 H:543 D:T4 C:AQT4,auction_calm
Jacoby,8,S:AQ3 H:AJT953 D:6 C:K82,S:98642 H:7 D:Q984 C:AQ3,S:KJ H:KQ86 D:KJT3 C:975,S:T75 H:42 D:A752 C:JT64,auction_calm
Jacoby,9,S:3 H:QT95 D:AQ3 C:KJT83,S:AQ762 H:73 D:875 C:754,S:T94 H:AKJ84 D:KJT C:AQ,S:KJ85 H:62 D:9642 C:962,auction_calm
Jacoby,10,S:K3 H:KJT974 D:KQ5 C:A9,S:JT H:6 D:T432 C:K86532,S:AQ62 H:AQ53 D:J98 C:T7,S:98754 H:82 D:A76 C:QJ4,auction_calm
Jacoby,11,S:AQ63 H:A9 D:T87 C:A964,S:4 H:654 D:652 C:KJT732,S:KJ98752 H:KQ3 D:AK C:8,S:T H:JT872 D:QJ943 C:Q5,auction_calm
Jacoby,12,S:765 H:AJT96 D:KQ C:A65,S:AQ842 H:73 D:T85 C:J98,S:9 H:KQ85 D:A972 C:K743,S:KJT3 H:42 D:J643 C:QT2,auction_calm
Jacoby,13,S:A654 H:K52 D:A86 C:974,S:J2 H:T84 D:J97432 C:86,S:KQ987 H:A96 D:KT5 C:53,S:T3 H:QJ73 D:Q C:AKQJT2,auction_1s_2c
Jacoby,14,S:765 H:AJT96 D:KQ C:A65,S:AJ842 H:73 D:T85 C:Q98,S:K H:KQ85 D:A972 C:J743,S:QT93 H:42 D:J643 C:KT2,auction_calm
Jacoby,15,S:KQJ52 H:AJT2 D:954 C:7,S:AT84 H:6 D:T8 C:JT9532,S:3 H:KQ753 D:KQJ6 C:A86,S:976 H:984 D:A732 C:KQ4,auction_calm
Jacoby,16,S:AJ8763 H:AQ7 D:KQ C:87,S: H:T8532 D:A9763 C:J96,S:K9542 H:K6 D:J4 C:KQ53,S:QT H:J94 D:T852 C:AT42,auction_calm
Jacoby,17,S:AK3 H:KJ95 D:KQJ3 C:97,S:J952 H:64 D:A652 C:843,S:Q74 H:AQT83 D:87 C:KQ6,S:T86 H:72 D:T94 C:AJT52,auction_calm
Jacoby,18,S:A98753 H:95 D:KQJT C:A,S:6 H:AJT743 D:A84 C:763,S:KQJ42 H: D:9753 C:KQ84,S:T H:KQ862 D:62 C:JT952,auction_calm
Jacoby,19,S:KQ643 H:76 D:AKQ C:KQJ,S:95 H:K94 D:T92 C:97642,S:AJT87 H:AQ D:J4 C:AT83,S:2 H:JT8532 D:87653 C:5,auction_calm
Jacoby,20,S:743 H:AT852 D:KJ C:KQ9,S:AKQT82 H:764 D:3 C:753,S:96 H:KQJ3 D:AQ764 C:T2,S:J5 H:9 D:T9852 C:AJ864,auction_1h_1s
Jacoby,21,S:A75 H:J9865 D:AK93 C:7,S:QJ H:3 D:J6542 C:JT842,S:K92 H:AKQ74 D:7 C:A963,S:T8643 H:T2 D:QT8 C:KQ5,auction_calm
Jacoby,22,S:AK874 H:6 D:KJ62 C:QJ6,S:J62 H:T732 D:4 C:AKT32,S:QT95 H:KQ D:AQ3 C:9875,S:3 H:AJ9854 D:T9875 C:4,auction_calm
Jacoby,23,S:AK3 H:KJ95 D:J3 C:QT87,S:98642 H:T D:T9852 C:A2,S:QJ H:AQ8643 D:KQ C:KJ5,S:T75 H:72 D:A764 C:9643,auction_calm
Jacoby,24,S:AQ853 H:5 D:AJT72 C:63,S:JT H:6 D:943 C:AQ98742,S:K9762 H:AK74 D:KQ8 C:K,S:4 H:QJT9832 D:65 C:JT5,auction_calm
Jacoby,25,S:KJ64 H:KQ5 D:J4 C:AJ95,S:T82 H:84 D:AT2 C:87632,S:AQ975 H:JT D:KQ5 C:KQT,S:3 H:A97632 D:98763 C:4,auction_calm
Leben,1,S:AQ6 H:Q73 D:A85 C:KJ94,S:4 H:AKT982 D:KJ3 C:T53,S:KT9753 H:64 D:9764 C:Q,S:J82 H:J5 D:QT2 C:A8762,auction_1nt_2h
Leben,2,S:KQJ73 H:75 D:543 C:AJ7,S:9642 H:QJ2 D:T2 C:T852,S:T85 H:A8 D:AK76 C:KQ93,S:A H:KT9643 D:QJ98 C:64,auction_1nt_2h
Leben,3,S:A96 H:Q74 D:A85 C:AK76,S:QT2 H:953 D:KQJT93 C:Q,S:K85 H:AKJ86 D:72 C:843,S:J743 H:T2 D:64 C:JT952,auction_1nt_2d
Leben,4,S:86 H:KQJ73 D:543 C:972,S:JT74 H:962 D:JT98 C:KQ,S:KQ93 H:AT85 D:AK6 C:J6,S:A52 H:4 D:Q72 C:AT8543,auction_1nt_2c
Leben,5,S:K9 H:AQ76 D:AK92 C:T76,S:63 H:T8 D:QT7 C:AKQJ52,S:AQT8 H:KJ95 D:J54 C:84,S:J7542 H:432 D:863 C:93,auction_1nt_2c
Leben,6,S:76 H:KQJ7 D:T3 C:AT732,S:T85 H:62 D:872 C:J9854,S:KQ93 H:AT85 D:Q6 C:KQ6,S:AJ42 H:943 D:AKJ954 C:,auction_1nt_2d
Leben,7,S:A84 H:AQJ D:KJ3 C:Q763,S:KJ9753 H:62 D:A C:AJ98,S:62 H:853 D:Q98754 C:K4,S:QT H:KT974 D:T62 C:T52,auction_1nt_2s
Leben,8,S:5 H:QJ9742 D:943 C:J74,S:KQ2 H:8 D:K875 C:T9832,S:A87 H:K65 D:QJT6 C:KQ6,S:JT9643 H:AT3 D:A2 C:A5,auction_1nt_2s
Leben,9,S:752 H:AKQ6 D:A3 C:KT83,S:AKQT93 H:J2 D:T98 C:54,S:84 H:9853 D:KQJ4 C:AQ7,S:J6 H:T74 D:7652 C:J962,auction_1nt_2s
Leben,10,S:KT5 H:52 D:AQJ73 C:875,S:Q864 H:73 D:9542 C:J62,S:A97 H:AJT D:KT6 C:KQ94,S:J32 H:KQ9864 D:8 C:AT3,auction_1nt_2h
Leben,11,S:752 H:AQ D:AK53 C:KT83,S:KJT864 H:J4 D:T6 C:AQ9,S:AQ H:K853 D:QJ94 C:764,S:93 H:T9762 D:872 C:J52,auction_1nt_2s
Leben,12,S:J964 H:KQ73 D:AQ9 C:T3,S:T532 H:8642 D:85 C:752,S:KQ8 H:AJ5 D:T6 C:KQJ94,S:A7 H:T9 D:KJ7432 C:A86,auction_1nt_2d
Leben,13,S:K95 H:AJ9 D:KQ85 C:AT2,S:QJ3 H:KQT852 D:4 C:QJ6,S:A74 H:763 D:AJ6 C:K974,S:T862 H:4 D:T9732 C:853,auction_1nt_2h
Leben,14,S:QT4 H:KJ6 D:A97 C:KT83,S:9872 H:54 D:54 C:96542,S:AJ5 H:97 D:KQT83 C:AQ7,S:K63 H:AQT832 D:J62 C:J,auction_1nt_2h
Leben,15,S:742 H:AQ D:AK53 C:KT93,S:KJT863 H:T4 D:T6 C:AQ8,S:AQ5 H:K83 D:QJ94 C:764,S:9 H:J97652 D:872 C:J52,auction_1nt_2s
Leben,16,S:KJ73 H:964 D:J82 C:K65,S: H:JT8532 D:AT65 C:T83,S:T85 H:AK7 D:KQ73 C:A74,S:AQ9642 H:Q D:94 C:QJ92,auction_1nt_2s
Leben,17,S:KJ5 H:KJ7 D:A96 C:KQT2,S:A8 H:8 D:KQ7542 C:J764,S:Q74 H:QT965 D:83 C:A83,S:T9632 H:A432 D:JT C:95,auction_1nt_2d
Leben,18,S:AJ63 H:94 D:A85 C:KJT3,S:T97 H:J73 D:T64 C:9852,S:KQ5 H:T8 D:KQ73 C:AQ74,S:842 H:AKQ652 D:J92 C:6,auction_1nt_2h
Leben,19,S:K73 H:A952 D:Q5 C:AKJ5,S: H:KQJT D:KT8432 C:Q73,S:A8 H:764 D:AJ97 C:T964,S:QJT96542 H:83 D:6 C:82,auction_1nt_2d
Leben,20,S:QT84 H:K6 D:AT7 C:KT83,S:752 H:J5432 D:J6 C:642,S:KJ93 H:AQ87 D:95 C:AQ7,S:A6 H:T9 D:KQ8432 C:J95,auction_1nt_2d
Major,1,S:975 H:Q732 D:543 C:AK4,S:832 H:T5 D:AKQ9 C:JT97,S:A4 H:AKJ98 D:872 C:865,S:KQJT6 H:64 D:JT6 C:Q32,auction_calm
Major,2,S:963 H:Q752 D:K4 C:K874,S:KJT875 H:J D:T65 C:T93,S:A4 H:AKT98 D:A72 C:QJ5,S:Q2 H:643 D:QJ983 C:A62,auction_calm
Major,3,S:9872 H:K83 D:AQJ C:Q64,S:A43 H:QJ7 D:T3 C:T9732,S:KQJT6 H:A D:9872 C:KJ5,S:5 H:T96542 D:K654 C:A8,auction_calm
Major,4,S:K742 H:Q8 D:A653 C:K94,S:J H:K753 D:KQ84 C:JT52,S:A8653 H:J4 D:J72 C:AQ6,S:QT9 H:AT962 D:T9 C:873,auction_calm
Major,5,S:A73 H:A73 D:Q5 C:QJ543,S:KJ4 H:9 D:J8643 C:KT86,S:952 H:KJT864 D:K72 C:A,S:QT86 H:Q52 D:AT9 C:972,auction_calm
Major,6,S:J874 H:75 D:K54 C:QJ52,S:Q9 H:KT D:Q9863 C:KT86,S:AK65 H:J9864 D:72 C:A3,S:T32 H:AQ32 D:AJT C:974,auction_calm
Major,7,S:K973 H:5 D:KQ64 C:Q876,S:J8 H:97 D:AJT95 C:JT95,S:AT65 H:AK864 D:72 C:A3,S:Q42 H:QJT32 D:83 C:K42,auction_calm
Major,8,S:A4 H:Q7 D:KT97 C:KQJ86,S:J8 H:K82 D:6542 C:A953,S:KQ973 H:AT95 D:QJ3 C:T,S:T652 H:J643 D:A8 C:742,auction_calm
Major,9,S:62 H:K973 D:A84 C:A983,S:KJT84 H:6 D:6 C:KJT542,S:A9753 H:QJT5 D:KQJ C:7,S:Q H:A842 D:T97532 C:Q6,auction_calm
Major,10,S:Q6 H:K873 D:A97 C:T854,S:J8 H:T6 D:8432 C:AKQ93,S:AKT753 H:QJ5 D:KQT C:7,S:942 H:A942 D:J65 C:J62,auction_calm
Major,11,S:AT2 H:K752 D:743 C:A97,S:KJ9873 H: D:J2 C:86432,S:6 H:AQJ98 D:AK85 C:KQJ,S:Q54 H:T643 D:QT96 C:T5,auction_calm
Major,12,S:K5 H:AKQ75 D:K63 C:AT8,S:AJT64 H:J D:T2 C:QJ754,S:987 H:T86 D:AQ85 C:632,S:Q32 H:9432 D:J974 C:K9,auction_calm
Major,13,S:742 H:KT742 D:AQ4 C:K3,S:AQJT93 H: D:7 C:AJT752,S:8 H:Q9853 D:KJ85 C:864,S:K65 H:AJ6 D:T9632 C:Q9,auction_calm
Major,14,S:3 H:AKJ873 D:AQJ3 C:73,S:QT8654 H:9 D:95 C:AJ94,S:AK972 H:Q5 D:742 C:T65,S:J H:T642 D:KT86 C:KQ82,auction_calm
Major,15,S:AQT93 H:A92 D:KQJ3 C:4,S:854 H:KQ7 D:9 C:J98632,S:KJ72 H:85 D:742 C:AKQ5,S:6 H:JT643 D:AT865 C:T7,auction_calm
Major,16,S:75 H:AKT764 D:KJ C:QJT,S:Q92 H:J D:732 C:AK9753,S:AKT8 H:9853 D:QT96 C:8,S:J643 H:Q2 D:A854 C:642,auction_calm
Major,17,S:A962 H:AKJ74 D:T5 C:73,S:J543 H:T5 D:7 C:KJT542,S:KQT8 H:Q6 D:QJ96 C:A96,S:7 H:9832 D:AK8432 C:Q8,auction_calm
Major,18,S:AT975 H:KQ D:KT5 C:AJ7,S:J32 H:AT5 D:8 C:KT8432,S:KQ86 H:J76 D:QJ76 C:96,S:4 H:98432 D:A9432 C:Q5,auction_calm
Major,19,S:AT975 H:KQ D:A3 C:QT43,S:J32 H:AT95 D:T54 C:KJ7,S:KQ86 H:J76 D:J76 C:965,S:4 H:8432 D:KQ982 C:A82,auction_calm
Major,20,S:AK42 H:AKJ53 D:J72 C:T,S:QT8765 H:8 D:84 C:AJ83,S:93 H:QT6 D:KQT3 C:9654,S:J H:9742 D:A965 C:KQ72,auction_calm
Michaels,1,S:K93 H:74 D:QJ65 C:A832,S:A7 H:Q6 D:K8742 C:KQT5,S:QJ864 H:AT983 D:3 C:76,S:T52 H:KJ52 D:AT9 C:J94,auction_1d
Michaels,2,S:AT863 H:AT974 D:86 C:5,S:KQ72 H:Q65 D:974 C:JT3,S:J95 H:K83 D:AJT5 C:976,S:4 H:J2 D:KQ32 C:AKQ842,auction_1c
Michaels,3,S:A642 H:Q873 D:Q3 C:A95,S:QJ H:KJ542 D:A82 C:T87,S:75 H:9 D:KT974 C:KQJ63,S:KT983 H:AT6 D:J65 C:42,auction_1h
Michaels,4,S:96 H:4 D:KQJ84 C:KQT75,S:K4 H:KT852 D:732 C:A63,S:J75 H:AJ973 D:965 C:J2,S:AQT832 H:Q6 D:AT C:984,auction_1s
Michaels,5,S:863 H:K7532 D:A975 C:Q,S:AQJT92 H: D:J3 C:A9764,S:7 H:JT984 D:6 C:KJT532,S:K54 H:AQ6 D:KQT842 C:8,auction_1s
Michaels,6,S:74 H:6 D:J9873 C:AQT85,S:8532 H:T85 D:T5 C:9643,S:AKT6 H:AKJ9 D:K6 C:KJ2,S:QJ9 H:Q7432 D:AQ42 C:7,auction_1h
Michaels,7,S:A93 H:A6 D:Q9842 C:KQJ,S:QJ H:KT32 D:A7 C:A8765,S:87 H:QJ984 D:KJT53 C:2,S:KT6542 H:75 D:6 C:T943,auction_1c
Michaels,8,S:K9874 H:QJT96 D:5 C:74,S:Q3 H:83 D:J8432 C:KQ83,S:AJT6 H:74 D:A76 C:AT95,S:52 H:AK52 D:KQT9 C:J62,auction_1d
Michaels,9,S:KQJ7 H:6 D:974 C:K8654,S:A8654 H:A2 D:6 C:AQ973,S:T H:QJ984 D:KJT53 C:J2,S:932 H:KT753 D:AQ82 C:T,auction_1s
Michaels,10,S:KQ H:AKQ83 D:QJT54 C:3,S:98753 H:JT96 D:8 C:Q74,S:T6 H:74 D:K763 C:AT965,S:AJ42 H:52 D:A92 C:KJ82,auction_1c
Michaels,11,S:KT93 H:J652 D:K6 C:KQ5,S:8742 H:AKQ74 D:2 C:AJ7,S:AQJ65 H:9 D:AQT53 C:63,S: H:T83 D:J9874 C:T9842,auction_1h
Michaels,12,S:AT983 H:8 D:75 C:QJT74,S:KJ754 H:Q3 D:842 C:932,S:6 H:K642 D:KT93 C:K865,S:Q2 H:AJT975 D:AQJ6 C:A,auction_1h
Michaels,13,S:762 H:J95 D:QJ8 C:7542,S:J H:A3 D:AK9732 C:KQ96,S:AK853 H:KQT74 D:5 C:A3,S:QT94 H:862 D:T64 C:JT8,auction_1d
Michaels,14,S:94 H:AT964 D:KQ652 C:8,S:K3 H:52 D:T983 C:Q9754,S:QJT8765 H:83 D:74 C:A6,S:A2 H:KQJ7 D:AJ C:KJT32,auction_1c
Michaels,15,S:J943 H:J6 D:T764 C:976,S:A7 H:83 D:Q832 C:KQJ84,S:KQT62 H:AKQ74 D:5 C:A3,S:85 H:T952 D:AKJ9 C:T52,auction_1c
Michaels,16,S:K9852 H:A9432 D:T5 C:9,S:QT743 H:J6 D:93 C:Q873,S:A6 H:KQT8 D:742 C:AK65,S:J H:75 D:AKQJ86 C:JT42,auction_1d
Michaels,17,S:A73 H:AK D:AQ63 C:T853,S:KJT982 H:72 D:T9 C:AK2,S:4 H:6 D:K8752 C:QJ9764,S:Q65 H:QJT98543 D:J4 C:,auction_1s
Michaels,18,S:QJ753 H:A9842 D:K5 C:4,S:K9 H:T7 D:AJ86 C:AT987,S:T4 H:J6 D:QT9742 C:K65,S:A862 H:KQ53 D:3 C:QJ32,auction_1c
Michaels,18,S:QJ753 H:A9842 D:K5 C:4,S:K92 H:T75 D:63 C:AQJ32,S:T4 H:J6 D:QT9742 C:K65,S:A86 H:KQ3 D:AJ8 C:T987,auction_1c_2c_3c
Michaels,19,S:7 H:62 D:A64 C:AKQ8743,S:AKJ4 H:AT84 D:KQ32 C:5,S:QT652 H:KQ973 D:7 C:J9,S:983 H:J5 D:JT985 C:T62,auction_1d
Michaels,20,S:KJT52 H:A9743 D:62 C:T,S:A963 H:KQJ D:T943 C:84,S:Q874 H:T65 D:7 C:A9752,S: H:82 D:AKQJ85 C:KQJ63,auction_1d
Michaels,20,S:KJT52 H:A9743 D:62 C:T,S:A6 H:KJ2 D:AJ854 C:J83,S:Q874 H:T65 D:7 C:A9752,S:93 H:Q8 D:KQT93 C:KQ64,auction_1d_2d_3d
Minor,1,S:K73 H:QT62 D:J5 C:J874,S:QJT9865 H: D:AK64 C:93,S:A4 H:KJ98 D:9872 C:KQ5,S:2 H:A7543 D:QT3 C:AT62,auction_calm
Minor,2,S:762 H:Q96 D:J92 C:AQ96,S:K94 H:A872 D:876 C:T83,S:AQJ5 H:KJ4 D:KT53 C:72,S:T83 H:T53 D:AQ4 C:KJ54,auction_calm
Minor,3,S:653 H:K872 D:873 C:KQ5,S:QT4 H:T64 D:KT96 C:T92,S:AK97 H:AQJ5 D:5 C:A864,S:J82 H:93 D:AQJ42 C:J73,auction_calm
Minor,4,S:K8654 H:A86 D:742 C:95,S:Q2 H:9432 D:QT98 C:QJ7,S:AT97 H:75 D:AK C:AT832,S:J3 H:KQJT D:J653 C:K64,auction_calm
Minor,5,S:Q73 H:KT3 D:KT4 C:AQT2,S:A5 H:7542 D:Q987 C:765,S:KJT8 H:QJ96 D:A65 C:K9,S:9642 H:A8 D:J32 C:J843,auction_calm
Minor,6,S:AJ3 H:J64 D:93 C:KT985,S:KQT52 H:KQ875 D:42 C:4,S:86 H:T2 D:AQT65 C:AQJ2,S:974 H:A93 D:KJ87 C:763,auction_calm
Minor,7,S:J4 H:QJ4 D:AQ5 C:KT873,S:AT973 H:T65 D:J962 C:4,S:KQ65 H:AK97 D:8 C:AQJ2,S:82 H:832 D:KT743 C:965,auction_calm
Minor,8,S:AJ H:Q73 D:KQT62 C:T92,S:K98643 H:T64 D:A C:J73,S:QT5 H:AJ9 D:J873 C:AQ5,S:72 H:K852 D:954 C:K864,auction_calm
Minor,9,S:Q742 H:KJ5 D:A83 C:T76,S:K6 H:86432 D:T97 C:J95,S:AJT H:QT7 D:KJ6 C:AK83,S:9853 H:A9 D:Q542 C:Q42,auction_calm
Minor,10,S:KT9742 H:QJ5 D:3 C:743,S:A5 H:T843 D:K975 C:T92,S:QJ6 H:AK7 D:Q864 C:AK8,S:83 H:962 D:AJT2 C:QJ65,auction_calm
Minor,11,S:AK74 H:KQ96 D:J8 C:976,S:Q3 H:7432 D:AQT9 C:JT5,S:JT96 H:85 D:742 C:AK83,S:852 H:AJT D:K653 C:Q42,auction_calm
Minor,12,S:AK9 H:KQ83 D:QT42 C:T3,S:QJT543 H:74 D:J7 C:Q72,S:76 H:AJ96 D:AK83 C:J85,S:82 H:T52 D:965 C:AK964,auction_calm
Minor,13,S:K963 H:A7 D:JT9 C:AJT7,S:A852 H:JT42 D:K8 C:852,S:QJT7 H:KQ98 D:762 C:KQ,S:4 H:653 D:AQ543 C:9643,auction_calm
Minor,14,S:KT4 H:J97 D:AK72 C:K53,S:Q832 H:Q8532 D:T4 C:42,S:AJ5 H:KT6 D:Q986 C:A96,S:976 H:A4 D:J53 C:QJT87,auction_calm
Minor,15,S:AK92 H:J5 D:K72 C:K832,S:Q74 H:A8742 D:J95 C:64,S:T83 H:KQT6 D:AQ6 C:QJ5,S:J65 H:93 D:T843 C:AT97,auction_calm
Minor,16,S:KT93 H:AT84 D:QT3 C:A9,S:J8654 H:Q63 D:8 C:K732,S:A7 H:K9 D:KJ974 C:JT85,S:Q2 H:J752 D:A652 C:Q64,auction_calm
Minor,17,S:AK63 H:K9 D:A83 C:Q975,S:Q4 H:86532 D:QJ9 C:AJT,S:J985 H:Q74 D:T5 C:K862,S:T72 H:AJT D:K7642 C:43,auction_calm
Minor,18,S:A93 H:AT83 D:KQJ6 C:QJ,S:KQJ765 H:64 D:97 C:K73,S:84 H:KQ97 D:AT5 C:T862,S:T2 H:J52 D:8432 C:A954,auction_calm
Minor,19,S:QT86 H: D:KQJT C:KQJT8,S:A74 H:QJ975 D:864 C:62,S:KJ953 H:AK64 D:9 C:A97,S:2 H:T832 D:A7532 C:543,auction_calm
Minor,20,S:9 H:AK8 D:AJT64 C:KQJ2,S:AJ542 H:QJ963 D:8 C:53,S:KT6 H:75 D:KQ953 C:974,S:Q873 H:T42 D:72 C:AT86,auction_calm
NMF,1,S:T92 H:AQ3 D:T86 C:AK54,S:A4 H:7654 D:Q975 C:JT9,S:QJ865 H:K92 D:AK C:863,S:K73 H:JT8 D:J432 C:Q72,auction_calm
NMF,2,S:KQJT2 H:K63 D:86 C:A54,S:A5 H:T9754 D:JT9 C:JT9,S:96 H:A82 D:AK74 C:Q863,S:8743 H:QJ D:Q532 C:K72,auction_calm
NMF,3,S:962 H:A53 D:KQJ5 C:K84,S:AKJ853 H:97 D:T6 C:J92,S:Q74 H:KQ642 D:87 C:A53,S:T H:JT8 D:A9432 C:QT76,auction_calm
NMF,4,S:AKQ52 H:AT63 D:75 C:T4,S:JT974 H:95 D:QT4 C:Q72,S:63 H:KQJ2 D:AK86 C:985,S:8 H:874 D:J932 C:AKJ63,auction_calm
NMF,5,S:KJ2 H:73 D:AK62 C:Q742,S:AT9653 H:T8 D:QT C:KT6,S:Q74 H:KQ642 D:87 C:A53,S:8 H:AJ95 D:J9543 C:J98,auction_calm
NMF,6,S:A7 H:AQT63 D:QT4 C:753,S:QJT865 H:85 D:A9 C:QT2,S:K43 H:K92 D:J85 C:AK86,S:92 H:J74 D:K7632 C:J94,auction_calm
NMF,7,S:Q2 H:Q954 D:A52 C:KQ97,S:AT843 H:J3 D:KJ9 C:J62,S:KJ976 H:AK87 D:64 C:T3,S:5 H:T62 D:QT873 C:A854,auction_calm
NMF,8,S:K52 H:AJT74 D:J5 C:Q74,S:JT8643 H:95 D:Q7 C:A82,S:AQ9 H:82 D:AKT9 C:JT95,S:7 H:KQ63 D:86432 C:K63,auction_calm
NMF,9,S:QT5 H:JT D:AK642 C:Q86,S:AJ8632 H:86 D:QT C:T52,S:K94 H:AK542 D:85 C:KJ9,S:7 H:Q973 D:J973 C:A743,auction_calm
NMF,10,S:KQJ62 H:KQ63 D:86 C:54,S:AT743 H:95 D:J95 C:Q82,S:98 H:AJT2 D:AKQ4 C:T96,S:5 H:874 D:T732 C:AKJ73,auction_calm
NMF,11,S:72 H:KQ75 D:J96 C:AK94,S:A6 H:98642 D:Q85 C:J76,S:KQJT5 H:A3 D:KT7 C:T83,S:9843 H:JT D:A432 C:Q52,auction_calm
NMF,12,S:KQ962 H:Q74 D:Q93 C:93,S:J853 H:K952 D:T7 C:J72,S:AT7 H:AJT D:KJ5 C:KQT6,S:4 H:863 D:A8642 C:A854,auction_calm
NMF,13,S:J4 H:AKQ86 D:KQ4 C:KT4,S:A9862 H:J52 D:T8 C:972,S:KQT53 H:73 D:A53 C:AQ3,S:7 H:T94 D:J9762 C:J865,auction_calm
NMF,14,S:AQ642 H:KQ7 D:J6 C:QJ4,S:JT953 H:A84 D:T7 C:K72,S:K8 H:962 D:AKQ84 C:T96,S:7 H:JT53 D:9532 C:A853,auction_calm
Negative,1,S:A73 H:AQJT6 D:KQ C:974,S:KQJ985 H:53 D:J7 C:KJ2,S:64 H:K98 D:A983 C:AT65,S:T2 H:742 D:T6542 C:Q83,auction_1h_1s
Negative,2,S:A3 H:AT75 D:KQJ6 C:T42,S:KJT95 H:QJ43 D: C:J983,S:64 H:K986 D:983 C:KQ65,S:Q872 H:2 D:AT7542 C:A7,auction_1d_1s
Negative,3,S:8752 H:AQ63 D:Q64 C:73,S:K H:52 D:K8752 C:98642,S:64 H:KJ98 D:A93 C:AQT5,S:AQJT93 H:T74 D:JT C:KJ,auction_1c_1s
Negative,4,S:QT75 H:73 D:AJT6 C:AKJ,S:93 H:AKQT5 D:84 C:7432,S:KJ64 H:J986 D:73 C:Q65,S:A82 H:42 D:KQ952 C:T98,auction_1d_1h
Negative,5,S:AQ62 H:872 D:85 C:KJ62,S:T98 H:Q54 D:T943 C:Q93,S:KJ73 H:6 D:AQJ7 C:AT85,S:54 H:AKJT93 D:K62 C:74,auction_1d_1h
Negative,6,S:73 H:AJ95 D:T64 C:AKJ3,S:KJT982 H: D:AQ98 C:984,S:AQ4 H:KQ86 D:73 C:QT65,S:65 H:T7432 D:KJ52 C:72,auction_1c_1s
Negative,7,S:AQ73 H:KJT7 D:82 C:T84,S:J8652 H:9865 D:97 C:A3,S:KT H:A4 D:KJT6 C:KQJ65,S:94 H:Q32 D:AQ543 C:972,auction_1c_1d
Negative,8,S:K983 H:T4 D:KQ52 C:AKQ,S:A75 H:AJ9852 D:J73 C:T,S:QJT4 H:K76 D:A986 C:73,S:62 H:Q3 D:T4 C:J986542,auction_1d_1h
Negative,9,S:KT84 H:KJ72 D:73 C:J95,S:Q H:854 D:9652 C:87632,S:63 H:AQ D:AKQT84 C:KT4,S:AJ9752 H:T963 D:J C:AQ,auction_1d_1s
Negative,10,S:Q3 H:AKQ872 D:872 C:75,S:AKJ974 H: D:AT53 C:T83,S:T82 H:93 D:KQ94 C:AJ96,S:65 H:JT654 D:J6 C:KQ42,auction_1h_1s
Negative,11,S:82 H:T5 D:KJ96 C:A8632,S:Q H:832 D:8753 C:JT975,S:A93 H:AQJ964 D:Q4 C:K4,S:KJT7654 H:K7 D:AT2 C:Q,auction_1h_1s
Negative,12,S:72 H:AK854 D:KQ75 C:J4,S:K5 H:QJT762 D:63 C:AT3,S:T8 H:93 D:AJ94 C:KQ965,S:AQJ9643 H: D:T82 C:872,auction_1s_2h
Negative,13,S:Q762 H:AQ87 D:K6 C:T82,S:JT843 H:T653 D:J82 C:Q,S:A5 H:KJ94 D:AQT54 C:43,S:K9 H:2 D:973 C:AKJ9765,auction_1d_2c
Negative,14,S:KJ93 H:Q83 D:83 C:AK64,S:AQ6 H:9 D:AKT62 C:QT95,S:T875 H:AK64 D:974 C:32,S:42 H:JT752 D:QJ5 C:J87,auction_1c_1d
Negative,15,S:QJ73 H:QJ D:965 C:KQ84,S:654 H:T983 D:KT7 C:T73,S:KT98 H:AK764 D:4 C:A96,S:A2 H:52 D:AQJ832 C:J52,auction_1h_2d
Negative,16,S:86 H:Q975 D:KQT C:AQJ5,S:QJ3 H:32 D:AJ764 C:743,S:KT94 H:AJ8 D:932 C:T96,S:A752 H:KT64 D:85 C:K82,auction_1c_1d
Negative,17,S:AKQ5 H:53 D:73 C:J9632,S:J9762 H:JT98 D: C:QT74,S:8 H:AK764 D:QJT84 C:A8,S:T43 H:Q2 D:AK9652 C:K5,auction_1h_2d
Negative,18,S:K87 H:T53 D:AQT C:AT93,S:J42 H:A82 D:J8654 C:QJ,S:AT96 H:KQJ6 D:932 C:K8,S:Q53 H:974 D:K7 C:76542,auction_1c_1d
Negative,19,S:KQT94 H:A86 D:95 C:KT4,S:A86 H:J42 D:762 C:Q872,S:J73 H:53 D:KQJT4 C:AJ6,S:52 H:KQT97 D:A83 C:953,auction_1d_1h
Negative,20,S:AK75 H:A983 D:K86 C:95,S:Q H:KQ76 D:T5 C:AJ7432,S:963 H:T52 D:A2 C:KQT86,S:JT842 H:J4 D:QJ9743 C:,auction_1d_2c
Notrump,1,S:K93 H:K74 D:K65 C:T972,S:QJT H:J32 D:T932 C:K83,S:A74 H:AQ85 D:Q74 C:QJ6,S:8652 H:T96 D:AJ8 C:A54,auction_calm
Notrump,2,S:T93 H:K74 D:QJ85 C:K83,S:K62 H:T965 D:K93 C:974,S:A74 H:AQ D:T74 C:AQT65,S:QJ85 H:J832 D:A62 C:J2,auction_calm
Notrump,3,S:865 H:K84 D:QJ95 C:K83,S:A42 H:T965 D:K63 C:764,S:QJT H:AQ D:T87 C:AQT95,S:K973 H:J732 D:A42 C:J2,auction_calm
Notrump,4,S:AK3 H:AK7 D:T82 C:QT75,S:98764 H:T D:K965 C:J63,S:QJT5 H:Q98 D:AQ4 C:A98,S:2 H:J65432 D:J73 C:K42,auction_calm
Notrump,5,S:AK3 H:AK7 D:T82 C:QT75,S:98764 H:T D:Q965 C:863,S:QJT5 H:Q98 D:AK4 C:AJ9,S:2 H:J65432 D:J73 C:K42,auction_calm
Notrump,6,S:AK3 H:AK7 D:T82 C:QT75,S:98764 H:T D:K965 C:863,S:QJT5 H:Q98 D:AQ4 C:AJ9,S:2 H:J65432 D:J73 C:K42,auction_calm
Notrump,7,S:73 H:JT9763 D:K3 C:542,S:AJT982 H: D:Q965 C:QJ7,S:KQ6 H:Q5 D:AJ74 C:KT96,S:54 H:AK842 D:T82 C:A83,auction_calm
Notrump,8,S:J8 H:QJT73 D:J53 C:A73,S:A53 H:A964 D:982 C:854,S:KQ6 H:K5 D:AQ74 C:KT96,S:T9742 H:82 D:KT6 C:QJ2,auction_calm
Notrump,9,S:JT973 H:A82 D:62 C:A75,S:A2 H:J9743 D:983 C:843,S:KQ6 H:K5 D:AQ74 C:KT96,S:854 H:QT6 D:KJT5 C:QJ2,auction_calm
Notrump,10,S:AT9 H:83 D:AKJT82 C:J8,S:J42 H:JT76 D:65 C:A543,S:KQ6 H:KQ4 D:Q74 C:KT96,S:8753 H:A952 D:93 C:Q72,auction_calm
Notrump,11,S:3 H:A85 D:KJ3 C:AQ8754,S:AJT984 H:62 D:T952 C:3,S:KQ6 H:KQ4 D:A74 C:KT96,S:752 H:JT973 D:Q86 C:J2,auction_calm
Notrump,12,S:Q8 H:Q98732 D:6 C:T963,S:A53 H:AT D:KJ752 C:874,S:K96 H:KJ64 D:AQ4 C:QJ5,S:JT742 H:5 D:T983 C:AK2,auction_1d
Notrump,13,S:KQT72 H:83 D:75 C:T872,S:65 H:A4 D:KJT862 C:654,S:AJ8 H:K952 D:AQ4 C:AQ9,S:943 H:QJT76 D:93 C:KJ3,auction_calm
Notrump,14,S:A6 H:AJ6 D:KJ62 C:Q864,S:JT742 H:T84 D:Q8 C:KJ7,S:K983 H:KQ2 D:T74 C:953,S:Q5 H:9753 D:A953 C:AT2,auction_calm
Notrump,15,S:AQ2 H:A97 D:Q83 C:KQT4,S:JT8 H:J54 D:KJ52 C:982,S:K93 H:KQ2 D:T974 C:J53,S:7654 H:T863 D:A6 C:A76,auction_calm
Notrump,16,S:AQT H:Q6 D:AJ73 C:KT96,S:K52 H:JT987 D:52 C:J82,S:73 H:AK2 D:KT94 C:Q753,S:J9864 H:543 D:Q86 C:A4,auction_calm
Notrump,17,S:AQ52 H:KQ9 D:J7 C:AT97,S:K84 H:J843 D:53 C:K543,S:73 H:T75 D:AKT964 C:86,S:JT96 H:A62 D:Q82 C:QJ2,auction_calm
Notrump,18,S:A743 H:AJ9 D:KJ2 C:Q63,S:K6 H:Q8743 D:863 C:854,S:QJ5 H:K6 D:AQ74 C:KJT7,S:T982 H:T52 D:T95 C:A92,auction_calm
Notrump,19,S:AQ7 H:AT4 D:KQJ6 C:A83,S:J53 H:Q976 D:983 C:765,S:K6 H:KJ5 D:T75 C:KQJT4,S:T9842 H:832 D:A42 C:92,auction_calm
Notrump,20,S:AT3 H:Q7 D:AT75 C:AJ62,S:K H:AJ8632 D:63 C:K985,S:987642 H:95 D:QJ4 C:73,S:QJ5 H:KT4 D:K982 C:QT4,auction_calm
Notrump,21,S:J9 H:A73 D:AQ95 C:A983,S:AQT842 H:42 D:KJT C:76,S:76 H:KJ9865 D:86 C:KJT,S:K53 H:QT D:7432 C:Q542,auction_calm
Notrump,22,S:K84 H:A73 D:KJ64 C:A75,S:7 H:KJ865 D:Q952 C:J84,S:QJT95 H:T4 D:A87 C:KQ9,S:A632 H:Q92 D:T3 C:T632,auction_calm
Notrump,23,S:AJ3 H:AJ65 D:K5 C:QJ63,S:Q62 H:T983 D:QJ763 C:9,S:85 H:K7 D:AT9 C:AKT875,S:KT974 H:Q42 D:842 C:42,auction_calm
Notrump,24,S:KQ9 H:AJT D:AQ2 C:AJT4,S:AT763 H:K65432 D: C:Q8,S:85 H:97 D:KT9873 C:962,S:J42 H:Q8 D:J654 C:K753,auction_calm
Notrump,25,S:QT2 H:KQJ D:AQ95 C:AJ5,S:A4 H:964 D:T874 C:9843,S:KJ98753 H:A8 D:6 C:KQ2,S:6 H:T7532 D:KJ32 C:T76,auction_calm
Ogust,1,S:975 H:A5 D:AT64 C:AK82,S:KJT2 H:K3 D:J853 C:JT7,S:83 H:QJ9764 D:K7 C:964,S:AQ64 H:T82 D:Q92 C:Q53,auction_calm
Ogust,2,S:83 H:KT9764 D:K7 C:964,S:QT92 H:A3 D:J853 C:JT7,S:A75 H:85 D:AT64 C:AK82,S:KJ64 H:QJ2 D:Q92 C:Q53,auction_calm
Ogust,3,S:J2 H:A62 D:A853 C:AK86,S:9 H:KJ974 D:KJT2 C:QT5,S:KQT854 H:85 D:764 C:92,S:A763 H:QT3 D:Q9 C:J743,auction_calm
Ogust,4,S:QJ8753 H:KQ3 D:97 C:T4,S:A92 H:T7 D:QJ85 C:QJ53,S:K6 H:A85 D:AT64 C:A982,S:T4 H:J9642 D:K32 C:K76,auction_calm
Ogust,5,S:J2 H:A62 D:A853 C:AK86,S:Q H:J9754 D:KJT2 C:QT4,S:KT9854 H:KQ D:964 C:75,S:A763 H:T83 D:Q7 C:J932,auction_calm
Ogust,6,S:T62 H:84 D:AQ9873 C:74,S:KQ85 H:KQ932 D:2 C:965,S:A93 H:A75 D:K654 C:A82,S:J74 H:JT6 D:JT C:KQJT3,auction_calm
Ogust,7,S:KJ94 H:A63 D:J2 C:AK76,S:AT62 H:Q54 D:98 C:QJ32,S:83 H:T2 D:AKQT64 C:984,S:Q75 H:KJ987 D:753 C:T5,auction_calm
Ogust,8,S:2 H:AKQT83 D:765 C:964,S:AJ9864 H:642 D:JT C:QJ,S:QT3 H:75 D:AKQ4 C:A872,S:K75 H:J9 D:9832 C:KT53,auction_calm
Ogust,9,S:A876 H:K5 D:A974 C:A86,S:QT52 H:T D:QJT6 C:QJ42,S:K3 H:AQ9764 D:85 C:973,S:J94 H:J832 D:K32 C:KT5,auction_calm
Ogust,10,S:AQ9874 H:873 D:75 C:K4,S:6 H:KJ964 D:J862 C:QT6,S:KT3 H:5 D:AKQ94 C:A872,S:J52 H:AQT2 D:T3 C:J953,auction_calm
Overcalls,1,S:Q764 H:J72 D:92 C:A843,S:KT52 H:T D:AQJT C:KQ72,S:A9 H:AQ93 D:K875 C:J65,S:J83 H:K8654 D:643 C:T9,auction_1d
Overcalls,2,S:T92 H:AQJ75 D:QJ7 C:86,S:KJ6 H:84 D:532 C:AT932,S:A753 H:KT93 D:K964 C:5,S:Q84 H:62 D:AT8 C:KQJ74,auction_1c
Overcalls,3,S:A743 H:K83 D:63 C:9843,S:KJ8 H:T96 D:Q92 C:KQJT,S:T9 H:AQJ75 D:A875 C:65,S:Q652 H:42 D:KJT4 C:A72,auction_1c
Overcalls,4,S:KQJ97 H:8 D:Q62 C:Q943,S:AT852 H:Q762 D:JT3 C:K,S:6 H:KJ943 D:K94 C:8765,S:43 H:AT5 D:A875 C:AJT2,auction_1d
Overcalls,5,S:J752 H:A863 D:AT2 C:T3,S:AKQ84 H:94 D:9543 C:KQ,S:T9 H:KQJ752 D:QJ7 C:65,S:63 H:T D:K86 C:AJ98742,auction_1s
Overcalls,6,S:AK975 H:KT3 D:953 C:K7,S:Q62 H:86 D:QJ86 C:QJ54,S:J83 H:AJ92 D:T7 C:9832,S:T4 H:Q754 D:AK42 C:AT6,auction_1d
Overcalls,6,S:AK975 H:KT3 D:953 C:K7,S:Q62 H:86 D:QJ86 C:QJ54,S:J83 H:AJ92 D:T7 C:9832,S:T4 H:Q754 D:AK42 C:AT6,auction_1d_1s_2d
Overcalls,7,S:K842 H:A93 D:T5 C:KQ93,S:A765 H:T65 D:AJ972 C:A,S:QJT93 H:KQ4 D:863 C:82,S: H:J872 D:KQ4 C:JT7654,auction_1d
Overcalls,8,S:AQJ64 H:3 D:9862 C:J82,S:T2 H:KJ9 D:QJT7 C:AK96,S:K8753 H:752 D:A C:7543,S:9 H:AQT864 D:K543 C:QT,auction_1h
Overcalls,8,S:AQJ64 H:3 D:9862 C:J82,S:2 H:T864 D:754 C:AKQT9,S:K8753 H:752 D:A C:7543,S:T9 H:AKQJ9 D:KQJT3 C:6,auction_1h_1s_3h
Overcalls,9,S:AJ76 H:Q973 D:A54 C:92,S:KQ42 H:J2 D:QJ2 C:QJT8,S:53 H:AKT84 D:K63 C:A54,S:T98 H:65 D:T987 C:K763,auction_1c
Overcalls,10,S:72 H:Q8 D:J52 C:AKJ972,S:T3 H:AJ973 D:863 C:865,S:AK5 H:KT52 D:T974 C:Q3,S:QJ9864 H:64 D:AKQ C:T4,auction_1s
Overcalls,11,S:A832 H:KJT6 D:J93 C:T8,S:JT4 H:Q932 D:K4 C:AJ76,S:KQ9 H:A84 D:AT5 C:KQ93,S:765 H:75 D:Q8762 C:542,auction_1c
Overcalls,12,S:AKT75 H:J6 D:972 C:Q83,S:J4 H:T84 D:QJT8 C:J942,S:Q863 H:AKQ7 D:65 C:KT6,S:92 H:9532 D:AK43 C:A75,auction_1d
Overcalls,13,S:T7 H:KQ62 D:K85 C:8742,S:6 H:AT753 D:J972 C:AQT,S:KQJ984 H:84 D:Q63 C:95,S:A532 H:J9 D:AT4 C:KJ63,auction_1h
Overcalls,14,S:975 H:KQJ97 D:83 C:K52,S:4 H:6542 D:AJ42 C:A984,S:AKJ863 H:3 D:65 C:QT76,S:QT2 H:AT8 D:KQT97 C:J3,auction_1d
Overcalls,15,S:KQJ973 H:Q D:A872 C:T4,S:A6 H:9762 D:QJ C:AQJ87,S:T85 H:AKJ84 D:K63 C:95,S:42 H:T53 D:T954 C:K632,auction_1c
Overcalls,16,S:JT9 H:KT73 D:AJT C:AQ5,S:74 H:94 D:K974 C:J9832,S:KQ83 H:A865 D:65 C:T76,S:A652 H:QJ2 D:Q832 C:K4,auction_1d
Overcalls,17,S:84 H:KQJ D:AQ95 C:K972,S:KT763 H:A6532 D:J2 C:A,S:AJ9 H:T94 D:K3 C:QJT63,S:Q52 H:87 D:T8764 C:854,auction_1s
Overcalls,18,S:KQJT5 H:QT7 D:AJ3 C:87,S:964 H:863 D:8542 C:954,S:83 H:AJ9 D:KQ97 C:QJT6,S:A72 H:K542 D:T6 C:AK32,auction_1c
Overcalls,19,S:AJT H:QT7 D:A75 C:KQT9,S:K92 H:AJ32 D:83 C:A865,S:83 H:K85 D:KQT964 C:72,S:Q7654 H:964 D:J2 C:J43,auction_1c
Overcalls,20,S:KQT932 H:842 D:A7 C:92,S:J764 H:QJ653 D:T54 C:J,S:A85 H:AK7 D:KJ6 C:T864,S: H:T9 D:Q9832 C:AKQ753,auction_1c
Preempt,1,S:A87 H:KQ873 D:J C:A954,S:KJ63 H:J4 D:K64 C:QJ32,S:952 H:2 D:AQT9875 C:87,S:QT4 H:AT965 D:32 C:KT6,auction_calm
Preempt,2,S:KQJT864 H:97 D:65 C:T4,S:53 H:Q42 D:AQ874 C:J95,S:92 H:KJ85 D:KJ9 C:KQ83,S:A7 H:AT63 D:T32 C:A762,auction_calm
Preempt,3,S:J9873 H:A42 D:82 C:AK7,S:T64 H:5 D:AKQJ4 C:QT54,S:A H:QJT8763 D:975 C:62,S:KQ52 H:K9 D:T63 C:J983,auction_calm
Preempt,4,S:83 H:KQT8742 D:862 C:5,S:QJ95 H: D:AKQJT5 C:632,S:AK76 H:J53 D:94 C:A874,S:T42 H:A96 D:73 C:KQJT9,auction_calm
Preempt,5,S:T4 H:Q86 D:A963 C:J642,S: H:AJ753 D:KJT84 C:K53,S:KQJ98752 H:9 D:52 C:87,S:A63 H:KT42 D:Q7 C:AQT9,auction_calm
Preempt,6,S:KQJ9873 H:6 D:9842 C:7,S:2 H:T742 D:J765 C:KJ32,S:T6 H:AKQ85 D:AK C:A864,S:A54 H:J93 D:QT3 C:QT95,auction_calm
Preempt,7,S:Q876 H:5 D:AJT4 C:J853,S:A3 H:AJ942 D:953 C:AQ7,S:95 H:KQT8763 D:82 C:T9,S:KJT42 H: D:KQ76 C:K642,auction_3h_x
Preempt,7,S:Q876 H:5 D:AJT4 C:J853,S:KT3 H:A942 D:753 C:742,S:95 H:KQT8763 D:82 C:T9,S:AJ42 H:J D:KQ96 C:AKQ6,auction_3h_x_pass_3s
Preempt,8,S:4 H:652 D:KQJT873 C:85,S:KQJT95 H:AQJ D:5 C:T62,S:8632 H:K8 D:A964 C:A73,S:A7 H:T9743 D:2 C:KQJ94,auction_3d_3s
Preempt,9,S:A8 H:874 D:J942 C:K632,S:KT742 H:AKJT5 D:5 C:Q8,S:95 H:6 D:AQT8763 C:T95,S:QJ63 H:Q932 D:K C:AJ74,auction_3d_x
Preempt,9,S:A8 H:874 D:J942 C:K632,S:KJ643 H:AQJ9 D: C:AJ74,S:95 H:6 D:AQT8763 C:T95,S:QT72 H:KT532 D:K5 C:Q8,auction_3d_x_4d_4h
Preempt,10,S:853 H:AQJ9843 D:T76 C:,S:AQT2 H:T765 D:AQ C:742,S:964 H: D:8542 C:AKQJ83,S:KJ7 H:K2 D:KJ93 C:T965,auction_calm
Preempt,11,S:Q5 H:AJ83 D:Q765 C:KQ2,S:J9 H:KQT54 D:J9 C:A743,S:AKT8763 H:6 D:84 C:T95,S:42 H:972 D:AKT32 C:J86,auction_1h
Preempt,12,S:Q H:KJT9642 D:T8 C:764,S:JT8653 H:53 D:QJ3 C:JT,S:AK72 H:Q7 D:A542 C:A95,S:94 H:A8 D:K976 C:KQ832,auction_1c
Reverse,1,S:AKT3 H:AQ75 D:T95 C:72,S:74 H:863 D:AJ743 C:JT5,S:QJ85 H:K9 D:K62 C:A863,S:962 H:JT42 D:Q8 C:KQ94,auction_calm
Reverse,2,S:KQ83 H:QJ D:KJ6 C:JT97,S:A95 H:T7653 D:A9 C:832,S:T72 H:AK94 D:Q54 C:KQ5,S:J64 H:82 D:T8732 C:A64,auction_calm
Reverse,3,S:J3 H:Q8 D:KQJ5 C:AK762,S:75 H:AJ53 D:A974 C:Q43,S:KT94 H:KT96 D:T82 C:95,S:AQ862 H:742 D:63 C:JT8,auction_calm
Reverse,4,S:KQ9865 H:K82 D:T5 C:KT,S:42 H:9753 D:9874 C:A32,S:J H:AQT D:AQJ3 C:QJ986,S:AT73 H:J64 D:K62 C:754,auction_calm
Reverse,5,S:6 H:AKQ4 D:963 C:AQJT3,S:J7 H:J93 D:AQT75 C:864,S:AQ985 H:T865 D:84 C:K7,S:KT432 H:72 D:KJ2 C:952,auction_calm
Reverse,6,S:T75 H:82 D:AQ53 C:JT84,S:3 H:Q953 D:T874 C:AQ32,S:KQJ64 H:AKJ76 D:K6 C:5,S:A982 H:T4 D:J92 C:K976,auction_calm
Reverse,7,S:AK H:52 D:A642 C:AKT74,S:J82 H:AT63 D:JT9 C:QJ3,S:T74 H:KJ98 D:K73 C:985,S:Q9653 H:Q74 D:Q85 C:62,auction_calm
Reverse,8,S:J7 H:AK63 D:KQT85 C:KT,S:A964 H:7542 D:A6 C:432,S:KQT5 H:Q8 D:J94 C:QJ97,S:832 H:JT9 D:732 C:A865,auction_calm
Reverse,9,S:Q52 H:A863 D:753 C:843,S:KT4 H:QT72 D:T98 C:QJ6,S:63 H:K5 D:KQJ6 C:AKT72,S:AJ987 H:J94 D:A42 C:95,auction_calm
Reverse,10,S:J73 H:J D:AK64 C:AK983,S:K9 H:AT52 D:J975 C:JT4,S:T85 H:KQ9874 D:83 C:76,S:AQ642 H:63 D:QT2 C:Q52,auction_calm
Reverse,11,S:AK86 H:72 D:T98 C:7654,S:QT53 H:KT864 D:A C:J82,S:7 H:AQJ9 D:KQJ764 C:A3,S:J942 H:53 D:532 C:KQT9,auction_calm
Reverse,12,S:KQ9743 H:872 D:K5 C:T3,S:6 H:KJ953 D:9874 C:A42,S:J5 H:AT D:AQJ3 C:KQ986,S:AT82 H:Q64 D:T62 C:J75,auction_calm
Reverse,13,S:J H:K84 D:AQT9 C:KQJT7,S:Q9 H:AQT52 D:753 C:863,S:A8643 H:76 D:KJ64 C:A5,S:KT752 H:J93 D:82 C:942,auction_calm
Reverse,14,S:AT83 H:852 D:T95 C:QJ3,S:KQ76 H:T943 D:A7 C:542,S:9 H:KQ76 D:KQ842 C:AT8,S:J542 H:AJ D:J63 C:K976,auction_calm
Roman,1,S:KQJT75 H:AJ863 D:A C:5,S:32 H:5 D:J6532 C:A9872,S:A8 H:KQ972 D:874 C:QJ3,S:964 H:T4 D:KQT9 C:KT64,auction_calm
Roman,2,S:KQJ5 H:AQJ3 D:Q6 C:KQJ,S:6 H:T42 D:KT732 C:T653,S:AT9732 H:K95 D:85 C:A7,S:84 H:876 D:AJ94 C:9842,auction_calm
Roman,3,S:KQ962 H:K865 D:5 C:KQ3,S:43 H:J42 D:QJ987 C:T95,S:JT87 H:A7 D:AK63 C:A82,S:A5 H:QT93 D:T42 C:J764,auction_calm
Roman,4,S:KQ84 H:AJ6 D:J3 C:QJ83,S:63 H:742 D:Q9764 C:974,S:AJ972 H:KQ5 D:K5 C:AK6,S:T5 H:T983 D:AT82 C:T52,auction_calm
Roman,5,S:KJ7 H:6 D:AQT875 C:AT6,S:642 H:AQ9532 D:4 C:932,S:AQ H:T74 D:KJ63 C:KQJ7,S:T9853 H:KJ8 D:92 C:854,auction_calm
Roman,6,S:A652 H:QJ52 D:KJ3 C:82,S:J3 H:3 D:AQT754 C:T543,S:KT8 H:AK9864 D: C:AKQ7,S:Q974 H:T7 D:9862 C:J96,auction_calm
Roman,7,S:AQ974 H:8 D:A632 C:KQJ,S:T H:A542 D:QT875 C:764,S:K8652 H:KJT7 D: C:A983,S:J3 H:Q963 D:KJ94 C:T52,auction_calm
Roman,8,S:KQJ H:AT76 D:AQJ C:QJ9,S:75 H:QJ3 D:T7543 C:873,S:AT8 H:K984 D:K9 C:KT65,S:96432 H:52 D:862 C:A42,auction_calm
Roman,9,S:AKQJ H:AJT7 D:A5 C:KQT,S:653 H:3 D:T9863 C:J762,S:7 H:KQ985 D:KQ74 C:983,S:T9842 H:642 D:J2 C:A54,auction_calm
Roman,10,S:AQJ753 H:65 D:A43 C:82,S:84 H:T72 D:T752 C:A974,S:KT H:AK984 D:KQ8 C:KQ6,S:962 H:QJ3 D:J96 C:JT53,auction_calm
Roman,11,S:AKQJ H:AQT43 D:AJ8 C:7,S:95 H:2 D:T63 C:AQJT653,S:7642 H:KJ985 D:KQ74 C:,S:T83 H:76 D:952 C:K9842,auction_calm
Roman,12,S:AT97 H:KJT D:QJT3 C:KJ,S:J H:9532 D:A52 C:T7432,S:K652 H:AQ74 D:K86 C:AQ,S:Q843 H:86 D:974 C:9865,auction_calm
Roman,13,S:AKQJ3 H:T875 D:K C:KQJ,S:T8542 H:432 D:T82 C:43,S:97 H:AK96 D:AQ974 C:A5,S:6 H:QJ D:J653 C:T98762,auction_calm
Roman,14,S:A63 H:AK9865 D:K C:A32,S:JT842 H:42 D:9 C:JT964,S:K7 H:QJ3 D:AQJT875 C:K,S:Q95 H:T7 D:6432 C:Q875,auction_calm
Roman,15,S:T86 H:KQJ83 D:T C:AKQ6,S:K975432 H:7 D:A83 C:97,S: H:AT96 D:KQJ74 C:JT83,S:AQJ H:542 D:9652 C:542,auction_calm
Roman,16,S:AT843 H:QT84 D: C:KJT2,S:7 H:J532 D:AQJ32 C:874,S:KQJ965 H:AK D:875 C:A5,S:2 H:976 D:KT964 C:Q963,auction_calm
Roman,17,S:AQ5 H:4 D:AKT863 C:AKQ,S:T942 H:K987 D:2 C:9742,S:K87 H:AT6 D:Q974 C:JT8,S:J63 H:QJ532 D:J5 C:653,auction_calm
Roman,18,S: H:KQT8632 D:53 C:JT82,S:AJT643 H: D:T8742 C:74,S:Q8 H:AJ97 D:KQJ C:AKQ6,S:K9752 H:54 D:A96 C:953,auction_calm
Roman,19,S:AQJ8543 H:7 D:AK4 C:AK,S:9 H:Q42 D:QJT2 C:J7532,S:KT72 H:AK865 D:83 C:64,S:6 H:JT93 D:9765 C:QT98,auction_calm
Roman,20,S:QJ73 H:A8 D:T864 C:KJ5,S:82 H:T752 D:A9 C:T9842,S:AK9654 H:KQ6 D:KQJ2 C:,S:T H:J943 D:753 C:AQ763,auction_calm
Stayman,1,S:KT82 H:74 D:AK63 C:AJ7,S:J963 H:A653 D:4 C:KQ42,S:A4 H:KJ98 D:T872 C:865,S:Q75 H:QT2 D:QJ95 C:T93,auction_calm
Stayman,2,S:KQJ5 H:T63 D:AQ9 C:KQT,S:9862 H:K542 D:3 C:AJ42,S:A4 H:AJ98 D:T872 C:865,S:T73 H:Q7 D:KJ654 C:973,auction_calm
Stayman,3,S:A983 H:AK5 D:A95 C:J94,S:J5 H:J8732 D:3 C:A8652,S:KQT6 H:964 D:KJT8 C:73,S:742 H:QT D:Q7642 C:KQT,auction_calm
Stayman,4,S:965 H:A9 D:AQT5 C:KQ86,S:KQ732 H:7642 D:K4 C:43,S:AJT4 H:KQJ5 D:863 C:J7,S:8 H:T83 D:J972 C:AT952,auction_calm
Stayman,5,S:T982 H:KQ6 D:A94 C:AK5,S:764 H:9832 D:K53 C:Q72,S:KQJ3 H:AJ5 D:72 C:9843,S:A5 H:T74 D:QJT86 C:JT6,auction_calm
Stayman,6,S:KQ5 H:Q95 D:KQ94 C:A62,S:J8632 H:643 D:T83 C:75,S:AT94 H:KJT7 D:AJ C:KQ3,S:7 H:A82 D:7652 C:JT984,auction_calm
Stayman,7,S:QT9 H:AQJ3 D:AT8 C:QJ6,S:K76532 H:86 D:962 C:97,S:4 H:KT97 D:KQJ3 C:AK85,S:AJ8 H:542 D:754 C:T432,auction_calm
Stayman,8,S:95 H:KQ95 D:AK63 C:KQ8,S:T63 H: D:Q942 C:AJ7652,S:AKQ42 H:JT76 D:75 C:93,S:J87 H:A8432 D:JT8 C:T4,auction_calm
Stayman,9,S:T86 H:KQ5 D:A864 C:AKT,S:J7 H:9432 D:K3 C:Q6542,S:AKQ42 H:JT76 D:75 C:93,S:953 H:A8 D:QJT92 C:J87,auction_calm
Stayman,10,S:AQJ9 H:KJ D:Q764 C:Q53,S:86 H:742 D:AK52 C:T962,S:KT42 H:AQT963 D: C:874,S:753 H:85 D:JT983 C:AKJ,auction_calm
Stayman,11,S:AQJ H:KJ D:Q764 C:Q653,S:853 H: D:AT8532 C:KJT2,S:KT42 H:AQT963 D: C:874,S:976 H:87542 D:KJ9 C:A9,auction_calm
Stayman,12,S:83 H:KQ74 D:7643 C:A82,S:Q765 H:JT98 D:AT C:J96,S:KT42 H:A3 D:QJ95 C:KQ7,S:AJ9 H:652 D:K82 C:T543,auction_calm
Stayman,13,S:JT83 H:JT86 D:KT C:A84,S:A9654 H:754 D:A83 C:53,S:KQ2 H:A93 D:QJ95 C:KQ7,S:7 H:KQ2 D:7642 C:JT962,auction_calm
Stayman,14,S:KT85 H:9852 D:A93 C:Q5,S:A9 H:KT74 D:T4 C:K6432,S:Q762 H:Q63 D:KQJ C:AJ7,S:J43 H:AJ D:87652 C:T98,auction_calm
Stayman,15,S:QT93 H:K873 D:A5 C:764,S:AK754 H:642 D:982 C:53,S:J62 H:AT95 D:KQJ4 C:AQ,S:8 H:QJ D:T763 C:KJT982,auction_calm
Stayman,16,S:AT96 H:63 D:QT84 C:K83,S:752 H:QJ42 D:A C:JT952,S:KQJ4 H:AT95 D:J73 C:AQ,S:83 H:K87 D:K9652 C:764,auction_calm
Stayman,17,S:AQ52 H:KQT96 D:T9 C:97,S:T9763 H:543 D:AK4 C:43,S:KJ4 H:A8 D:QJ73 C:AQT8,S:8 H:J72 D:8652 C:KJ652,auction_calm
Stayman,18,S:Q2 H:K9753 D:Q73 C:QT6,S:J86543 H:A8 D:J82 C:87,S:K7 H:QJT D:AK95 C:KJ94,S:AT9 H:642 D:T64 C:A532,auction_calm
Stayman,19,S:QJ763 H:KT73 D:42 C:Q5,S:T9542 H:654 D:AJ6 C:43,S:AK H:QJ9 D:KQ83 C:AJT7,S:8 H:A82 D:T975 C:K9862,auction_calm
Stayman,20,S:Q963 H:K5 D:Q875 C:742,S:A7 H:86432 D:3 C:A8653,S:KJT5 H:AQJ9 D:AJ9 C:KQ,S:842 H:T7 D:KT642 C:JT9,auction_calm
Stayman,21,S:AJ85 H:KJ D:AK8 C:KJ96,S:93 H:8 D:J75432 C:QT52,S:KQ42 H:AQT943 D: C:874,S:T76 H:7652 D:QT96 C:A3,auction_calm
Stayman,22,S:A83 H:AK64 D:Q52 C:Q87,S:KJ965 H:752 D:KT C:K43,S:Q742 H:T983 D:J8763 C:,S:T H:QJ D:A94 C:AJT9652,auction_calm
Stayman,23,S:AK73 H:A95 D:982 C:AQ2,S:962 H:JT32 D:A3 C:J953,S:QJ85 H:K64 D:QJ7 C:KT8,S:T4 H:Q87 D:KT654 C:764,auction_calm
Stayman,24,S:AQT6 H:Q7 D:T95 C:K974,S:KJ5432 H:A32 D:K6 C:QJ,S:98 H:KJ4 D:AQJ7 C:AT85,S:7 H:T9865 D:8432 C:632,auction_1nt_pass_2c_2s
Stayman,25,S:A8 H:KJ74 D:A72 C:KQ53,S:74 H:965 D:KQJ984 C:A2,S:KQT2 H:AQT3 D:63 C:874,S:J9653 H:82 D:T5 C:JT96,auction_1nt_2d
Takeout,1,S:K5 H:JT53 D:9742 C:873,S:JT72 H:Q42 D:A53 C:A92,S:A964 H:AK98 D:8 C:QT65,S:Q83 H:76 D:KQJT6 C:KJ4,auction_1d
Takeout,2,S:A983 H:QJ D:7652 C:843,S:6 H:T643 D:AKQT93 C:K2,S:KQT4 H:AK98 D:8 C:AJ65,S:J752 H:752 D:J4 C:QT97,auction_1d
Takeout,3,S:K62 H:T853 D:864 C:964,S:T973 H:A42 D:A C:KQJ72,S:AQ4 H:KQJ6 D:QJT7 C:A3,S:J85 H:97 D:K9532 C:T85,auction_1c
Takeout,4,S:KJ83 H:Q75 D:73 C:K652,S:92 H:AKJT96 D:AQ5 C:QJ,S:AQ64 H:8 D:JT82 C:AT73,S:T75 H:432 D:K964 C:984,auction_1h
Takeout,5,S:KJ83 H:Q75 D:73 C:K652,S:92 H:AKJT96 D:KJ5 C:QJ,S:AQ64 H:8 D:AT82 C:AT73,S:T75 H:432 D:Q964 C:984,auction_1h
Takeout,6,S:KQ95 H:AJ73 D:963 C:K7,S:A74 H:96 D:KJ42 C:QJT6,S:JT86 H:KQ4 D:A7 C:A985,S:32 H:T852 D:QT85 C:432,auction_1d
Takeout,6,S:KQ95 H:AJ73 D:963 C:K7,S:A742 H:9 D:KQJ854 C:Q2,S:JT86 H:KQ4 D:A7 C:A985,S:3 H:T8652 D:T2 C:JT643,auction_1d_x_pass_2d_3d
Takeout,7,S:AQ86 H:742 D:983 C:K75,S:KT7432 H:AJ9 D:2 C:QJ3,S:95 H:KQT3 D:AT54 C:A96,S:J H:865 D:KQJ76 C:T842,auction_1s
Takeout,8,S:AQ86 H:742 D:Q83 C:Q75,S:KJT742 H:AJ9 D:K97 C:3,S:95 H:KQT3 D:AJT5 C:AK6,S:3 H:865 D:642 C:JT9842,auction_1s
Takeout,9,S:7643 H:962 D:94 C:AK86,S:AJ952 H: D:KQ8 C:QT752,S:K8 H:AKQT73 D:A75 C:94,S:QT H:J854 D:JT632 C:J3,auction_1s
Takeout,10,S:74 H:J5 D:K8732 C:Q762,S:KQ92 H:T962 D:94 C:AT8,S:A85 H:KQ73 D:AJT5 C:94,S:JT63 H:A84 D:Q6 C:KJ53,auction_1c
Takeout,10,S:74 H:J5 D:K8732 C:Q762,S:KQT63 H:T86 D:6 C:KJT5,S:A85 H:KQ73 D:AJT5 C:94,S:J92 H:A942 D:Q94 C:A83,auction_1c_pass_1s
Takeout,11,S:J853 H:T962 D:Q96 C:73,S:AQT964 H: D:J742 C:T62,S:7 H:AKJ3 D:AKT5 C:AQJ9,S:K2 H:Q8754 D:83 C:K854,auction_2s
Takeout,12,S:AT42 H:753 D:86 C:KT65,S:K6 H:J94 D:KQ975 C:Q84,S:QJ9 H:AK8 D:AJT C:AJ97,S:8753 H:QT62 D:432 C:32,auction_1d
Takeout,13,S:865 H:743 D:KQ742 C:52,S:AJT H:JT9 D:8 C:KQT643,S:KQ9 H:AK8 D:AJT C:AJ97,S:7432 H:Q652 D:9653 C:8,auction_1c
Takeout,14,S:AKT3 H:AJ82 D:AQ6 C:83,S:42 H:976 D:J93 C:QJ952,S:Q965 H:Q43 D:852 C:764,S:J87 H:KT5 D:KT74 C:AKT,auction_1d
Takeout,15,S:AKJ3 H:52 D:KQT6 C:KQ5,S:742 H:J D:J53 C:T87432,S:Q965 H:873 D:84 C:AJ96,S:T8 H:AKQT964 D:A972 C:,auction_1h
Takeout,16,S:9 H:A932 D:KT63 C:AK75,S:72 H:85 D:A742 C:J9642,S:A54 H:KT64 D:QJ98 C:83,S:KQJT863 H:QJ7 D:5 C:QT,auction_1s
Takeout,17,S:KQ95 H:A874 D:AJ3 C:64,S:J8 H:JT32 D:8642 C:953,S:AT73 H:95 D:KQT9 C:A87,S:642 H:KQ6 D:75 C:KQJT2,auction_1c
Takeout,18,S:T3 H:K952 D:AK73 C:Q95,S:982 H:A6 D:T82 C:T8432,S:K54 H:QJT873 D:Q4 C:A6,S:AQJ76 H:4 D:J965 C:KJ7,auction_1s
Takeout,19,S:AKQT942 H:87 D: C:AQ42,S:J87 H:T653 D:KJT3 C:KJ,S:65 H:Q42 D:97542 C:T96,S:3 H:AKJ9 D:AQ86 C:8753,auction_1d
Takeout,20,S:AKQ864 H:8 D:A85 C:K62,S:T732 H:T5 D:KQJ943 C:Q,S:J95 H:964 D:76 C:AT853,S: H:AKQJ732 D:T2 C:J974,auction_1h
Takeout,20,S:AKQ864 H:8 D:A85 C:K62,S:T73 H:T75 D:J32 C:Q974,S:J95 H:964 D:76 C:AT853,S:2 H:AKQJ32 D:KQT94 C:J,auction_1h_x_pass_2c_2h
Takeout,21,S:A84 H:KQJ6 D:92 C:KQJ7,S:73 H:T95 D:AQ73 C:T532,S:J965 H:873 D:84 C:A864,S:KQT2 H:A42 D:KJT65 C:9,auction_1d
Takeout,21,S:A84 H:KQJ6 D:92 C:KQJ7,S:KQT32 H:T2 D:QJ7 C:T53,S:J965 H:873 D:84 C:A864,S:7 H:A954 D:AKT653 C:92,auction_1d_x_1s
Takeout,21,S:A84 H:KQJ6 D:92 C:KQJ7,S:QT73 H:T92 D:AQ7 C:T92,S:J965 H:873 D:84 C:A864,S:K2 H:A54 D:KJT653 C:53,auction_1d_x_1s_pass_2d
Takeout,22,S:A975 H:KJ3 D:97 C:KQ52,S:QJ62 H:872 D:A653 C:T7,S:83 H:QT965 D:842 C:A84,S:KT4 H:A4 D:KQJT C:J963,auction_1d
Takeout,22,S:A975 H:KJ3 D:97 C:KQ52,S:KJ642 H:2 D:AJ3 C:T973,S:83 H:QT965 D:842 C:A84,S:QT H:A874 D:KQT65 C:J6,auction_1d_x_1s
Takeout,23,S:K873 H:KJ4 D:76 C:AQ52,S:Q92 H:A63 D:AQT3 C:JT9,S:54 H:Q9752 D:952 C:763,S:AJT6 H:T8 D:KJ84 C:K84,auction_1d
Takeout,23,S:K873 H:KJ4 D:76 C:AQ52,S:Q92 H:A63 D:AQT3 C:JT9,S:54 H:Q9752 D:952 C:763,S:AJT6 H:T8 D:KJ84 C:K84,auction_1d_x_xx
Takeout,23,S:K873 H:KJ4 D:76 C:AQ52,S:Q92 H:A63 D:AQT3 C:JT9,S:54 H:Q9752 D:952 C:763,S:AJT6 H:T8 D:KJ84 C:K84,auction_1d_x_xx_1h_pass_pass_2d
Takeout,24,S:3 H:KQ D:QJT62 C:KQT84,S:AQJ2 H:JT9643 D:854 C:,S:KT97 H:8 D:AK73 C:AJ96,S:8654 H:A752 D:9 C:7532,auction_2h
Takeout,25,S:AQ86 H:A742 D:KJT5 C:7,S:T742 H:QJ96 D:743 C:K5,S:K9 H:85 D:Q62 C:QJT963,S:J53 H:KT3 D:A98 C:A842,auction_1c
Transfers,1,S:AK53 H:QT D:Q65 C:A742,S:QJT8 H:74 D:KJ9432 C:Q,S:94 H:KJ9863 D:T8 C:865,S:762 H:A52 D:A7 C:KJT93,auction_calm
Transfers,2,S:KT5 H:A5 D:QJ84 C:KQ73,S:AJ93 H:972 D:AT752 C:T,S:Q8764 H:Q4 D:K63 C:J92,S:2 H:KJT863 D:9 C:A8654,auction_calm
Transfers,3,S:KT5 H:A5 D:QJ84 C:KQ73,S:A983 H:T82 D:AT752 C:T,S:QJ764 H:74 D:K63 C:A92,S:2 H:KQJ963 D:9 C:J8654,auction_calm
Transfers,4,S:AJ76 H:Q6 D:K753 C:KQ4,S:Q82 H:A53 D:Q94 C:J987,S:53 H:K98742 D:AT6 C:65,S:KT94 H:JT D:J82 C:AT32,auction_calm
Transfers,5,S:QT9 H:K53 D:K62 C:AK84,S:K742 H:86 D:A85 C:QT97,S:53 H:AQT742 D:QJT C:65,S:AJ86 H:J9 D:9743 C:J32,auction_calm
Transfers,6,S:QJ5 H:K8 D:AT62 C:AK98,S:A643 H:52 D:J974 C:QJ7,S:KT987 H:A9764 D:83 C:5,S:2 H:QJT3 D:KQ5 C:T6432,auction_calm
Transfers,7,S:Q6 H:A74 D:KJ92 C:KQ83,S:KT97 H:62 D:T8743 C:AT,S:AJ854 H:KQT83 D:6 C:75,S:32 H:J95 D:AQ5 C:J9642,auction_calm
Transfers,8,S:J4 H:AQJ5 D:AQJ3 C:T96,S:K98 H:T8762 D:T72 C:J8,S:AQT75 H:4 D:986 C:AKQ5,S:632 H:K93 D:K54 C:7432,auction_calm
Transfers,9,S:KJ H:KQ9 D:KT73 C:AJ74,S:986 H:T7652 D:QJ2 C:T9,S:AQT75 H:A4 D:986 C:KQ5,S:432 H:J83 D:A54 C:8632,auction_calm
Transfers,10,S:Q2 H:AJ3 D:AK64 C:KQJT,S:KT643 H:T2 D:QJ8 C:965,S:75 H:KQ874 D:T93 C:874,S:AJ98 H:965 D:752 C:A32,auction_calm
Transfers,11,S:92 H:QT962 D:K54 C:K83,S:AJ6 H:A753 D:T832 C:96,S:KQ75 H:J8 D:AQ6 C:QJ74,S:T843 H:K4 D:J97 C:AT52,auction_calm
Transfers,12,S:KJT63 H:96 D:982 C:KJ4,S:A98 H:J7542 D:J73 C:Q8,S:Q4 H:AQ8 D:KQT5 C:AT93,S:752 H:KT3 D:A64 C:7652,auction_calm
Transfers,13,S:93 H:QJT62 D:753 C:KQ4,S:KQ84 H:K93 D:T842 C:65,S:A62 H:875 D:AKQ C:AT98,S:JT75 H:A4 D:J96 C:J732,auction_calm
Transfers,14,S:AK9753 H:842 D:53 C:76,S:QT84 H:T6 D:JT964 C:AT,S:J6 H:A75 D:AQ72 C:KJ83,S:2 H:KQJ93 D:K8 C:Q9542,auction_calm
Transfers,15,S:873 H:AKT872 D:93 C:65,S:Q942 H:43 D:A86 C:QT74,S:A6 H:965 D:KQJ2 C:AK98,S:KJT5 H:QJ D:T754 C:J32,auction_calm
Transfers,16,S:T9873 H:KQT D:A4 C:T73,S:KQ4 H:J742 D:9753 C:65,S:A6 H:965 D:KQJ2 C:AK98,S:J52 H:A83 D:T86 C:QJ42,auction_calm
Transfers,17,S:Q9854 H:KQT83 D:75 C:3,S:JT732 H:A72 D:82 C:Q74,S:AK H:J65 D:AKJ4 C:J865,S:6 H:94 D:QT963 C:AKT92,auction_calm
Transfers,18,S:AK873 H:KT965 D:75 C:9,S:4 H:872 D:Q986 C:AQ743,S:QT5 H:AQ4 D:KJ4 C:KJ65,S:J962 H:J3 D:AT32 C:T82,auction_calm
Transfers,19,S:KQ94 H:AJ973 D:83 C:A6,S:72 H:85 D:QT962 C:J543,S:T5 H:KQT4 D:AK7 C:KQ98,S:AJ863 H:62 D:J54 C:T72,auction_calm
Transfers,20,S:Q9853 H:72 D:8642 C:A3,S:6 H:QJT9653 D:JT C:J72,S:JT4 H:AK D:AK97 C:KQ98,S:AK72 H:84 D:Q53 C:T654,auction_calm
Transfers,21,S:K6 H:AQJT7 D:T95 C:KQ3,S:8532 H:96 D:QJ876 C:T9,S:AJT H:K853 D:AK C:J864,S:Q974 H:42 D:432 C:A752,auction_calm
Transfers,22,S:J3 H:AK953 D:42 C:AK72,S:852 H:QT74 D:QT93 C:T4,S:AQ64 H:J6 D:AK75 C:J83,S:KT97 H:82 D:J86 C:Q965,auction_calm
Transfers,23,S:AJT H:KQJ93 D:Q43 C:72,S:KQ7532 H:4 D:J8 C:KQJ9,S:94 H:A86 D:AK97 C:A865,S:86 H:T752 D:T652 C:T43,auction_1nt_pass_2d_2s
Transfers,24,S:T86 H:Q97532 D:652 C:9,S:AKQ753 H:K4 D:83 C:J43,S:94 H:AJ86 D:AK9 C:A865,S:J2 H:T D:QJT74 C:KQT72,auction_1nt_pass_2d_2s
Transfers,25,S:T95 H:AK753 D:83 C:K42,S:KQ8763 H:Q2 D:T6 C:QJ9,S:AJ4 H:86 D:AK97 C:A865,S:2 H:JT94 D:QJ542 C:T73,auction_1nt_pass_2d_2s
Weak2,1,S:QT2 H:K5 D:9742 C:QJ64,S:8643 H:AJT83 D:Q C:AT2,S:95 H:642 D:AKJT85 C:87,S:AKJ7 H:Q97 D:63 C:K953,auction_calm
Weak2,2,S:Q H:KJT973 D:762 C:642,S:7532 H:A65 D:AT93 C:K5,S:AK84 H:Q4 D:QJ5 C:QJ83,S:JT96 H:82 D:K84 C:AT97,auction_calm
Weak2,3,S:J642 H:K7 D:A843 C:T64,S: H:QT9652 D:KJ95 C:KJ3,S:KQT875 H:A84 D:76 C:92,S:A93 H:J3 D:QT2 C:AQ875,auction_calm
Weak2,4,S:J6 H:Q73 D:QJT973 C:94,S:942 H:92 D:K86 C:AKT63,S:A83 H:AKJ854 D:5 C:875,S:KQT75 H:T6 D:A42 C:QJ2,auction_calm
Weak2,5,S:A853 H:K74 D:A64 C:KQ7,S:T2 H:A6 D:QT98 C:AJ843,S:96 H:QJT852 D:K53 C:65,S:KQJ74 H:93 D:J72 C:T92,auction_calm
Weak2,6,S:KQ9763 H:T2 D:K62 C:74,S: H:AQJ9854 D:Q97 C:AJ2,S:A854 H:73 D:J85 C:QT83,S:JT2 H:K6 D:AT43 C:K965,auction_calm
Weak2,7,S:QJ42 H:A74 D:KJ74 C:KJ,S: H:K863 D:Q985 C:Q9543,S:AK9763 H:Q92 D:62 C:T7,S:T85 H:JT5 D:AT3 C:A862,auction_calm
Weak2,8,S:AQT863 H:76 D:94 C:T62,S: H:AJ98 D:AQT32 C:AKJ5,S:K9754 H:52 D:J85 C:983,S:J2 H:KQT43 D:K76 C:Q74,auction_1h
Weak2,8,S:AQT863 H:76 D:94 C:T62,S: H:AJ98 D:AQT32 C:AKJ5,S:K9754 H:52 D:J85 C:983,S:J2 H:KQT43 D:K76 C:Q74,auction_1h_2s_3h
Weak2,8,S:AQT863 H:76 D:94 C:T62,S:J2 H:AKJ9 D:Q762 C:J75,S:K9754 H:52 D:J85 C:983,S: H:QT843 D:AKT3 C:AKQ4,auction_1h_2s_3h_4s_x
Weak2,9,S:AQ742 H:A63 D:J5 C:AT9,S:8 H:KQT4 D:T98 C:KQ763,S:96 H:875 D:AKQ762 C:54,S:KJT53 H:J92 D:43 C:J82,auction_calm
Weak2,10,S:KQ9763 H:J2 D:J6 C:754,S: H:AQT9865 D:Q983 C:J2,S:A854 H:3 D:AK52 C:KQ83,S:JT2 H:K74 D:T74 C:AT96,auction_calm
Weak2,11,S:KQJ2 H:Q752 D:A5 C:K83,S:AT9643 H:9 D:K93 C:J54,S:75 H:KJT864 D:84 C:A97,S:8 H:A3 D:QJT762 C:QT62,auction_calm
Weak2,12,S:96 H:KQT763 D:754 C:J7,S:AT83 H:A D:J9 C:QT9542,S:KJ54 H:J52 D:AQT3 C:A8,S:Q72 H:984 D:K862 C:K63,auction_calm
Weak2,13,S:AJT H:Q75 D:KQ4 C:AJT4,S:752 H:AJ963 D:87 C:K92,S:943 H:K8 D:AJT965 C:65,S:KQ86 H:T42 D:32 C:Q873,auction_calm
Weak2,14,S:KQT763 H:94 D:KJ7 C:95,S:A82 H:Q8 D:86 C:QJT642,S:J54 H:KJ52 D:AQT3 C:A8,S:9 H:AT763 D:9542 C:K73,auction_calm
Weak2,15,S:T653 H:A7 D:KQ3 C:A862,S:K2 H:QT942 D:J52 C:KQ3,S:AQ9874 H:65 D:986 C:T4,S:J H:KJ83 D:AT74 C:J975,auction_1h
Weak2,16,S:96 H:984 D:AKQ874 C:72,S:T73 H:KQT73 D:96 C:KJ3,S:A542 H:A52 D:J3 C:A865,S:KQJ8 H:J6 D:T52 C:QT94,auction_calm
Weak2,17,S:AK653 H:AQ32 D:J C:765,S:QT8 H:KJT75 D:52 C:Q83,S:J974 H:8 D:AQT986 C:T4,S:2 H:964 D:K743 C:AKJ92,auction_calm
Weak2,18,S:KJ9862 H:T5 D:A74 C:72,S: H:J763 D:QT982 C:A654,S:AQ754 H:AK2 D:3 C:KQJT,S:T3 H:Q984 D:KJ65 C:983,auction_calm
Weak2,19,S:KQJ864 H: D:A852 C:KQ3,S:2 H:Q8742 D:KJ64 C:J94,S:AT7 H:AJT965 D:97 C:52,S:953 H:K3 D:QT3 C:AT876,auction_calm
Weak2,20,S:A93 H:QJT754 D:74 C:J2,S:2 H:K9862 D:AJ95 C:K84,S:KQJT84 H: D:Q86 C:AQ93,S:765 H:A3 D:KT32 C:T765,auction_calm
