Subfolder,Deal,Seat,Bid,BidSequence,NorthHand,EastHand,SouthHand,WestHand
2Club,1,West,Calm,Calm,S:Q65 H:864 D:KQ86 C:T87,,S:AK82 H:AK3 D:A4 C:KQ94,
2Club,2,West,Calm,Calm,S:KQ5 H:AK6 D:AK92 C:AT8,,S:T872 H:Q53 D:864 C:974,
2Club,3,West,Calm,Calm,S:Q65 H:864 D:Q986 C:T87,,S:AK82 H:AK3 D:AK C:KQ94,
2Club,4,West,Calm,Calm,S:KQ5 H:AK6 D:AK92 C:AT8,,S:JT82 H:Q53 D:864 C:J94,
2Club,5,West,Calm,Calm,S:K873 H:92 D:J8742 C:T3,,S: H:AKQJ8643 D:A5 C:QJ4,
2Club,6,West,Calm,Calm,S:AK4 H:AQT86 D:K2 C:KQT,,S:875 H:K3 D:QJT94 C:752,
2Club,7,West,Calm,Calm,S:K65 H:T864 D:92 C:T873,,S:AQJ83 H:3 D:KQ7 C:AKQ9,
2Club,8,West,Calm,Calm,S:AQ H:AK75 D:Q84 C:AKJT,,S:K875 H:QJT3 D:T5 C:973,
2Club,9,West,Calm,Calm,S:J943 H:96 D:9863 C:A82,,S:AK H:KQJT4 D:AJT C:KJ9,
2Club,10,West,Calm,Calm,S:AK8 H:KQT D:KQJ2 C:AT4,,S:JT7 H:A96 D:T95 C:KQJ3,
2Club,11,West,Calm,Calm,S:AQT64 H:AQ85 D:Q7 C:AK,,S:9875 H:64 D:863 C:J752,
2Club,12,West,Calm,Calm,S:A5 H:A6 D:K7 C:AKQJT63,,S:763 H:852 D:9543 C:872,
2Club,13,West,Calm,Calm,S:Q93 H:A97653 D:72 C:84,,S:AK H:KT84 D:KQ9 C:AKQ5,
2Club,14,West,Calm,Calm,S:K53 H:Q95 D:AKQ6 C:AKQ,,S:AQJT7 H:86 D:943 C:652,
2Club,15,West,Calm,Calm,S:KQ9 H:864 D:AQT6 C:J54,,S:A82 H:AK3 D:KJ7 C:AKT6,
2Club,16,West,Calm,Calm,S:AK3 H:KQT D:AJ2 C:KQJT,,S:QJT7 H:A96 D:KQ5 C:A83,
2Club,17,West,Calm,Calm,S:AK H:AKT86 D:75 C:AKQ6,,S:86 H:Q752 D:A9864 C:53,
2Club,18,West,Calm,Calm,S:AJ H:AKT86 D:Q94 C:AKQ,,S:KQ9865 H:7 D:85 C:9532,
2Club,19,West,Calm,Calm,S:AJT75 H:8 D:A3 C:97642,,S:KQ63 H:AK D:KQ9 C:AKQ5,
2Club,20,West,Calm,Calm,S:AKQ75 H:A6 D:AQ7 C:KQ3,,S:63 H:KQJT2 D:T96 C:984,
2over1,1,West,Calm,Calm,S:QT5 H:KQJT5 D:74 C:AQ6,,S:J84 H:A2 D:KT963 C:KJ4,
2over1,2,West,Calm,Calm,S:65 H:KQJ843 D:A5 C:Q63,,S:KJ8 H:A2 D:KT963 C:KJ4,
2over1,3,West,Calm,Calm,S:K5 H:KQJ743 D:75 C:AK4,,S:Q6 H:A82 D:AKQ63 C:763,
2over1,4,East,2D,1S-2D,S:AKJ865 H:43 D:75 C:K63,,S:Q H:A9865 D:962 C:A742,
2over1,5,West,Calm,Calm,S:KJ965 H:AK843 D:75 C:4,,S:Q4 H:QT7 D:AJ6 C:AT986,
2over1,6,West,Calm,Calm,S:65 H:AQ953 D:KQ63 C:Q9,,S:AJT74 H:KT7 D:A95 C:72,
2over1,7,West,Calm,Calm,S:AK9652 H:T983 D:4 C:A8,,S:7 H:AK75 D:K762 C:KQT6,
2over1,8,West,Calm,Calm,S:AK92 H:AQ983 D:85 C:86,,S:875 H:K4 D:AQJT7 C:K97,
2over1,9,West,Calm,Calm,S:A9742 H:A983 D:K6 C:Q7,,S:K8 H:JT7 D:975 C:AKJ62,
2over1,10,West,Calm,Calm,S:A4 H:KJT8653 D:KQ C:87,,S:KJ763 H:AQ7 D:84 C:AQJ,
2over1,11,West,Calm,Calm,S:AJT H:AK985 D:K96 C:Q7,,S:863 H:73 D:AQ4 C:AKJT4,
2over1,12,West,Calm,Calm,S:AJ8752 H:AK D:Q6 C:J87,,S:Q63 H:Q3 D:AKJ94 C:964,
2over1,13,West,Calm,Calm,S:AJT62 H:A62 D:QJ C:T87,,S:K5 H:KQ98543 D:A4 C:A4,
2over1,14,West,Calm,Calm,S:QJ2 H:KT D:KQ865 C:Q87,,S:A H:AQJ753 D:742 C:KJ4,
2over1,15,West,Calm,Calm,S:AQ862 H:T4 D:K65 C:K87,,S:J H:KQJ753 D:432 C:Q54,
2over1,16,West,Calm,Calm,S:AQ862 H:A4 D:95 C:AK87,,S:K H:K753 D:AT32 C:J954,
2over1,17,West,Calm,Calm,S:862 H:AQJ753 D:95 C:A2,,S:K95 H:T6 D:KT32 C:JT54,
2over1,18,West,Calm,Calm,S:KJ2 H:874 D:AQ975 C:Q2,,S:AQT95 H:T96 D:KT86 C:A,
2over1,19,East,X,1H-X,S:K92 H:AK874 D:KT7 C:T8,,S:JT6 H:9 D:853 C:KQJ952,
2over1,20,West,Calm,Calm,S:QJ2 H:J2 D:QJ862 C:AKJ,,S:AK98764 H:KQ7 D:K73 C:,
2over1,21,West,Calm,Calm,S:AJT82 H:AK82 D:Q2 C:T5,,S:74 H:Q73 D:AKJ73 C:KJ9,
2over1,22,West,Calm,Calm,S:AJT82 H:AT82 D:Q2 C:K5,,S:74 H:KQ3 D:AKJ73 C:T97,
2over1,23,West,Calm,Calm,S:T82 H:A2 D:A8542 C:Q85,,S:AK974 H:KQ63 D:73 C:T7,
2over1,24,West,Calm,Calm,S:KQT62 H:A74 D:84 C:A85,,S:74 H:9863 D:A762 C:KQ3,
2over1,25,West,Calm,Calm,S:Q6 H:AKQ972 D:984 C:AQ,,S:AK874 H:J86 D:AJ6 C:93,
2over1,26,West,Calm,Calm,S:QJ8763 H:AK8 D:8 C:K75,,S:A4 H:QJ6 D:7642 C:A963,
2over1,27,West,Calm,Calm,S:QJ9842 H:AJ95 D:83 C:K,,S:T7 H:QT3 D:AJ6 C:AQ642,
2over1,28,West,Calm,Calm,S:AJ8 H:Q652 D:873 C:A74,,S:KQ753 H:87 D:KQ6 C:Q95,
Bidpractice/Set1,1,West,Calm,Calm,S:AT6 H:A74 D:KQT2 C:K84,,S:853 H:K96 D:A863 C:965,
Bidpractice/Set1,2,West,Calm,Calm,S:T97 H:A96 D:KQ73 C:K84,,S:AQ4 H:KT8 D:JT95 C:AQ6,
Bidpractice/Set1,3,West,Calm,Calm,S:KQ82 H:K96 D:A94 C:A65,,S:AJ3 H:A87 D:QJT5 C:QT7,
Bidpractice/Set1,4,West,Calm,Calm,S:AK52 H:872 D:943 C:765,,S:J96 H:AJ5 D:AQJ C:A932,
Bidpractice/Set1,5,West,Calm,Calm,S:KQJ H:QJ95 D:AJ8 C:QJT,,S:T863 H:K42 D:K43 C:K75,
Bidpractice/Set1,6,West,Calm,Calm,S:T84 H:K72 D:Q65 C:KJ93,,S:A976 H:AQ4 D:AJ4 C:QT8,
Bidpractice/Set1,7,West,Calm,Calm,S:AT6 H:K98 D:AJ2 C:KT95,,S:KQ42 H:A73 D:T84 C:874,
Bidpractice/Set1,8,West,Calm,Calm,S:J742 H:85 D:J42 C:9873,,S:KQ6 H:AJT3 D:AQ C:KJ52,
Bidpractice/Set1,9,West,Calm,Calm,S:AT8 H:AT9 D:KQT8 C:K97,,S:K73 H:Q72 D:J94 C:QJT8,
Bidpractice/Set1,10,West,Calm,Calm,S:T962 H:K75 D:954 C:KQ6,,S:KQJ H:A4 D:KQT8 C:AJ73,
Bidpractice/Set1,11,West,Calm,Calm,S:KQ4 H:Q95 D:KQ62 C:K83,,S:AT8 H:KJ3 D:AJ5 C:QJ72,
Bidpractice/Set1,12,West,Calm,Calm,S:T84 H:Q76 D:KJ3 C:KT52,,S:AQ5 H:K85 D:QT76 C:A97,
Bidpractice/Set1,13,West,Calm,Calm,S:QJ4 H:AK D:K76 C:QJT52,,S:KT5 H:Q63 D:AQ54 C:AK3,
Bidpractice/Set1,14,West,Calm,Calm,S:K74 H:QJ5 D:KJT C:A743,,S:QJ9 H:AK8 D:AQ53 C:KQ8,
Bidpractice/Set1,15,West,Calm,Calm,S:AT6 H:AQ4 D:KQJT C:KJ7,,S:853 H:K96 D:A863 C:965,
Bidpractice/Set1,16,West,Calm,Calm,S:764 H:AK8 D:KQ C:AJT74,,S:AK5 H:T743 D:A982 C:KQ,
Bidpractice/Set1,17,West,Calm,Calm,S:KJ9 H:AQ D:KQJ95 C:KT4,,S:T63 H:T85 D:A73 C:Q985,
Bidpractice/Set1,18,West,Calm,Calm,S:KJ92 H:A98 D:QT8 C:KQJ,,S:QT3 H:KT6 D:A94 C:T752,
Bidpractice/Set1,19,West,Calm,Calm,S:KQ93 H:KQT D:AJ7 C:QT8,,S:A7 H:A84 D:KT6 C:KJ742,
Bidpractice/Set1,20,West,Calm,Calm,S:K8 H:AK5 D:A8 C:QT9632,,S:A74 H:Q96 D:KQ52 C:KJ8,
Bidpractice/Set1,21,West,Calm,Calm,S:QJT H:AJ7 D:AK62 C:KQJ,,S:K83 H:9652 D:743 C:852,
Bidpractice/Set1,22,West,Calm,Calm,S:K53 H:K53 D:K53 C:K753,,S:A42 H:A42 D:A642 C:A42,
Bidpractice/Set1,23,West,Calm,Calm,S:AJ5 H:QT93 D:KQJ C:AK6,,S:K72 H:KJ5 D:A742 C:QJ8,
Bidpractice/Set1,24,West,Calm,Calm,S:AK6 H:K93 D:K743 C:A62,,S:Q75 H:Q84 D:Q62 C:Q753,
Bidpractice/Set10,1,West,1H,1H,S:AKJ74 H:87 D:A76 C:Q54,,S:Q962 H:952 D:K9 C:9862,
Bidpractice/Set10,2,East,1H,1H,S:Q962 H:T52 D:KQ4 C:KJ6,,S:AKJ74 H:87 D:A76 C:Q54,
Bidpractice/Set10,3,West,1H,1H,S:AKJ74 H:87 D:976 C:J54,,S:Q962 H:T52 D:AK C:K862,
Bidpractice/Set10,4,East,1H,1H,S:AT53 H:T75 D:Q8 C:A862,,S:K986 H:4 D:AK73 C:KQ75,
Bidpractice/Set10,5,West,1S,1S,S:53 H:AJ42 D:KQJ C:K742,,S:7642 H:763 D:864 C:J98,
Bidpractice/Set10,6,East,1C,1C,S:AJT7 H:J7 D:QJ95 C:A83,,S:Q985 H:KQT5 D:AK3 C:42,
Bidpractice/Set10,7,West,1H,1H,S:Q74 H:9652 D:Q5 C:A863,,S:AKJ983 H:7 D:AKJ3 C:75,
Bidpractice/Set10,8,East,1S,1S,S:87 H:A976 D:A62 C:K963,,S:AJ9 H:KQ8 D:Q74 C:AQ85,
Bidpractice/Set10,9,West,1D,1D,S:A86 H:KQJ D:AJ97 C:KQ4,,S:JT52 H:7642 D:86 C:J86,
Bidpractice/Set10,10,East,1H,1H,S:KJ62 H:65 D:AQ3 C:9874,,S:Q74 H:AQT D:KJ75 C:AK6,
Bidpractice/Set10,11,West,1H,1H,S:AQT53 H:64 D:QT C:A974,,S:KJ42 H:A85 D:KJ32 C:J2,
Bidpractice/Set10,12,East,1D,1D,S:Q3 H:KQ9864 D:A52 C:95,,S:KJ64 H:JT75 D:6 C:AKJ3,
Bidpractice/Set10,13,West,1D,1D,S:AT94 H:KQJ7 D:Q6 C:AQ4,,S:J76 H:T52 D:AJ94 C:KT2,
Bidpractice/Set10,14,East,1H,1H,S:Q8 H:AJ92 D:AJ6 C:Q983,,S:AK964 H:Q5 D:K74 C:JT7,
Bidpractice/Set10,15,West,1S,1S,S:87 H:KQ97 D:AK83 C:QJ4,,S:A93 H:JT53 D:Q5 C:AK86,
Bidpractice/Set10,16,East,1H,1H,S:K75 H:852 D:KQ3 C:9762,,S:AQJ642 H:A7 D:J72 C:A8,
Bidpractice/Set10,17,West,1D,1D,S:K983 H:76 D:KQ5 C:AJ76,,S:QJ2 H:AK43 D:74 C:KQ82,
Bidpractice/Set10,18,East,1S,1S,S:96 H:Q65 D:J754 C:KT62,,S:AJT74 H:A73 D:A86 C:95,
Bidpractice/Set10,19,West,1C,1C,S:KQJ9753 H:74 D:Q3 C:62,,S:A82 H:J52 D:K986 C:753,
Bidpractice/Set10,20,East,1C,1C,S:K72 H:QJ54 D:63 C:9864,,S:AJT85 H:63 D:AJT85 C:3,
Bidpractice/Set10,21,West,1S,1S,S:A53 H:42 D:AK2 C:J7642,,S:Q86 H:Q863 D:9843 C:85,
Bidpractice/Set10,22,East,1S,1S,S:T3 H:KJ76 D:KJ5 C:AQ72,,S:KQJ842 H:Q2 D:Q87 C:83,
Bidpractice/Set10,23,West,1C,1C,S:AK872 H:J98 D:K76 C:65,,S:QJ5 H:AKQ2 D:A985 C:42,
Bidpractice/Set10,24,East,1D,1D,S:T65 H:84 D:KJT3 C:AJ84,,S:KQ3 H:KQJ53 D:965 C:T6,
Bidpractice/Set11,1,East,1D,1C-1D,S:AKJ7 H:87 D:976 C:KQ54,,S:Q962 H:AK53 D:84 C:A62,
Bidpractice/Set11,2,West,1D,1C-1D,S:AK62 H:AT93 D:97 C:Q82,,S:Q97 H:J87 D:AK6 C:KJT4,
Bidpractice/Set11,3,East,1D,1C-1D,S:AKJ7 H:87 D:976 C:KQ54,,S:Q962 H:AK5 D:84 C:A632,
Bidpractice/Set11,4,West,2H,1S-2H,S:K9 H:862 D:AK63 C:KQ75,,S:AT532 H:AJT D:987 C:A8,
Bidpractice/Set11,5,East,1S,1C-1S,S:9 H:KQJ7 D:AK6 C:AQT54,,S:T86 H:A9642 D:84 C:K62,
Bidpractice/Set11,6,West,1H,1C-1H,S:AK62 H:93 D:972 C:Q982,,S:T97 H:K87 D:AK6 C:KJT4,
Bidpractice/Set11,7,West,1H,1C-1H,S:AK632 H:93 D:972 C:Q92,,S:Q97 H:J87 D:AK6 C:KJT4,
Bidpractice/Set11,8,East,1S,1H-1S,S:A52 H:AQT93 D:97 C:AJ2,,S:97 H:K874 D:KQ6 C:KT94,
Bidpractice/Set11,9,East,1S,1H-1S,S:852 H:AQT93 D:97 C:AQ2,,S:97 H:K874 D:T86 C:KT94,
Bidpractice/Set11,10,East,1D,1D,S:Q862 H:AK93 D:97 C:A82,,S:AK973 H:64 D:63 C:KJT4,
Bidpractice/Set11,11,East,1D,1D,S:Q862 H:AK93 D:97 C:A82,,S:AK973 H:654 D:Q3 C:763,
Bidpractice/Set11,12,West,1S,1H-1S,S:Q75 H:QJ93 D:AT82 C:Q8,,S:8 H:AKT87 D:KQJ4 C:AK6,
Bidpractice/Set11,13,East,1S,1D-1S,S:KQJ7 H:T7 D:A976 C:AT4,,S:62 H:AQJ3 D:J84 C:J982,
Bidpractice/Set11,14,West,1H,1D-1H,S:AK642 H:93 D:T97 C:982,,S:Q97 H:J87 D:AK86 C:KT4,
Bidpractice/Set11,15,East,2C,1D-2C,S:AJ7 H:K987 D:KQ76 C:54,,S:K962 H:AQ53 D:84 C:A62,
Bidpractice/Set11,16,West,1H,1D-1H,S:AK82 H:963 D:JT C:8653,,S:QJ75 H:87 D:AQ86 C:KJT,
Bidpractice/Set11,16,East,2H,1D-1H-X-2H,S:AK82 H:963 D:JT C:8653,,S:QJ75 H:87 D:AQ86 C:KJT,
Bidpractice/Set11,17,East,1S,1H-1S,S:T2 H:KQJ76 D:AQ5 C:963,,S:J85 H:AT84 D:K9 C:KQJ2,
Bidpractice/Set11,18,West,2S,1H-2S,S:862 H:63 D:KQ97 C:AQ82,,S:97 H:AKJ87 D:43 C:KJT4,
Bidpractice/Set11,19,East,2D,1S-2D,S:AQJ752 H:AKQ7 D:K2 C:8,,S:KT93 H:65 D:A4 C:QJ652,
Bidpractice/Set11,20,West,2S,1C-2S,S:8 H:AJ93 D:KQ52 C:QJ82,,S:953 H:KQ87 D:J3 C:AK54,
Bidpractice/Set11,21,East,1H,1C-1H,S:QJ83 H:87 D:A76 C:KQJ4,,S:KT65 H:J2 D:K54 C:A632,
Bidpractice/Set11,22,West,1S,1C-1S,S:A5 H:KQJ82 D:742 C:Q82,,S:972 H:A63 D:86 C:AKJ64,
Bidpractice/Set11,23,East,2C,1H-2C,S:K9 H:AQJ96 D:T54 C:A83,,S:QJ5 H:KT53 D:AJ62 C:64,
Bidpractice/Set11,24,West,1S,1H-1S,S:AQJ3 H:J4 D:9642 C:T96,,S:T5 H:AKQ63 D:AT8 C:AJ7,
Bidpractice/Set12,1,West,Calm,Calm,S:A73 H:QJT82 D:K86 C:Q4,,S:KQJ42 H:K5 D:A52 C:753,
Bidpractice/Set12,2,West,Calm,Calm,S:J84 H:KQ84 D:Q52 C:763,,S:K5 H:AJ962 D:AK C:J852,
Bidpractice/Set12,3,West,Calm,Calm,S:AJ762 H:KT94 D:KQ6 C:4,,S:K8 H:Q85 D:J84 C:AKJ73,
Bidpractice/Set12,4,West,Calm,Calm,S:Q9652 H:763 D:AQ C:Q84,,S:87 H:AQ5 D:KT943 C:KT7,
Bidpractice/Set12,5,West,Calm,Calm,S:AKT62 H:A43 D:K964 C:7,,S:Q543 H:75 D:AJT3 C:652,
Bidpractice/Set12,6,West,Calm,Calm,S:QJ83 H:AQJ7 D:J9 C:KT2,,S:AT5 H:T4 D:KQ74 C:A863,
Bidpractice/Set12,7,West,Calm,Calm,S:K64 H:KQ974 D:4 C:AJ65,,S:AQ972 H:85 D:A96 C:QT4,
Bidpractice/Set12,8,West,Calm,Calm,S:AK763 H:KT84 D:K4 C:52,,S:85 H:QJ97 D:AQ9 C:A843,
Bidpractice/Set12,9,West,Calm,Calm,S:K942 H:8 D:87542 C:Q97,,S:AQJT7 H:765 D:3 C:AK84,
Bidpractice/Set12,10,West,Calm,Calm,S:AJ75 H:K6 D:874 C:AJT3,,S:KT H:A9754 D:KQ62 C:96,
Bidpractice/Set12,11,West,Calm,Calm,S:A7 H:QT976 D:Q7 C:AT96,,S:J83 H:A832 D:K864 C:72,
Bidpractice/Set12,12,West,Calm,Calm,S:KQT63 H:KQJ8 D:95 C:Q8,,S:84 H:AT7 D:QT643 C:AK2,
Bidpractice/Set12,13,West,Calm,Calm,S:AJ H:KQJ84 D:A5 C:J542,,S:K53 H:T953 D:9864 C:KQ,
Bidpractice/Set12,14,West,Calm,Calm,S:985 H:J74 D:KQT3 C:AK5,,S:AJT H:AQT3 D:94 C:QJ64,
Bidpractice/Set12,15,West,Calm,Calm,S:Q75 H:JT76 D:A8 C:KQJ3,,S:K8432 H:KQ83 D:73 C:A5,
Bidpractice/Set12,16,West,Calm,Calm,S:KJ97 H:87 D:AKJ62 C:T2,,S:QT83 H:AK65 D:T C:A984,
Bidpractice/Set12,17,West,Calm,Calm,S:A64 H:AK972 D:7 C:K865,,S:97 H:Q653 D:T83 C:AJ72,
Bidpractice/Set12,18,West,Calm,Calm,S:Q6 H:KJ85 D:A9854 C:K8,,S:KJT5 H:T96 D:K7 C:AQJ3,
Bidpractice/Set12,19,West,Calm,Calm,S:Q54 H:76 D:AK98 C:A874,,S:AKT63 H:KQ985 D:63 C:5,
Bidpractice/Set12,20,West,Calm,Calm,S:K76 H:KJ873 D:A94 C:92,,S:Q85 H:A5 D:KQJ62 C:643,
Bidpractice/Set12,21,West,Calm,Calm,S:84 H:AK943 D:AJ96 C:75,,S:AQJ63 H:QJ5 D:K4 C:T92,
Bidpractice/Set12,22,West,Calm,Calm,S:Q93 H:7642 D:KT82 C:Q5,,S:AKJ86 H:J53 D:3 C:AK63,
Bidpractice/Set12,23,West,Calm,Calm,S:K95 H:KJ2 D:A963 C:Q64,,S:AJ862 H:Q93 D:K74 C:85,
Bidpractice/Set12,24,West,Calm,Calm,S:KT7 H:AK652 D:J98 C:Q5,,S:A95 H:T4 D:KQ74 C:KJ63,
Bidpractice/Set2,1,West,Calm,Calm,S:A5 H:KQT97 D:KQ6 C:QJ4,,S:K763 H:J42 D:974 C:865,
Bidpractice/Set2,2,West,Calm,Calm,S:K82 H:K543 D:86 C:9832,,S:QJ964 H:A9 D:K74 C:KQJ,
Bidpractice/Set2,3,West,Calm,Calm,S:Q75 H:KJ74 D:J942 C:J8,,S:AJ9642 H:83 D:A6 C:Q54,
Bidpractice/Set2,4,West,Calm,Calm,S:J65 H:KT75 D:A8 C:9862,,S:AK H:QJ8642 D:KQ3 C:75,
Bidpractice/Set2,5,West,Calm,Calm,S:T92 H:AK542 D:85 C:AKQ,,S:764 H:Q763 D:AJ4 C:985,
Bidpractice/Set2,6,West,Calm,Calm,S:KJ874 H:K72 D:A95 C:AQ,,S:A63 H:9853 D:8643 C:92,
Bidpractice/Set2,7,West,Calm,Calm,S:KQJ54 H:A7 D:KQ5 C:J86,,S:T963 H:KQ4 D:9642 C:A7,
Bidpractice/Set2,8,West,Calm,Calm,S:872 H:Q964 D:K62 C:AQ3,,S:KJ6 H:KJ852 D:A74 C:85,
Bidpractice/Set2,9,West,Calm,Calm,S:QJ H:J854 D:A983 C:QJ7,,S:863 H:AKQ72 D:K6 C:T95,
Bidpractice/Set2,10,West,Calm,Calm,S:J962 H:KQ75 D:83 C:T74,,S:KQT73 H:A42 D:975 C:A6,
Bidpractice/Set2,11,West,Calm,Calm,S:AQ753 H:KQ D:A876 C:94,,S:K642 H:J85 D:K32 C:A62,
Bidpractice/Set2,12,West,Calm,Calm,S:AKQ7 H:743 D:852 C:Q95,,S:JT864 H:A6 D:AK6 C:KJ3,
Bidpractice/Set2,13,West,Calm,Calm,S:K5 H:QJT83 D:KQJ C:962,,S:A64 H:K952 D:7653 C:AK,
Bidpractice/Set2,14,West,Calm,Calm,S:KQ92 H:QJ D:Q764 C:J84,,S:AJT874 H:AK5 D:AK3 C:9,
Bidpractice/Set2,15,West,Calm,Calm,S:A7652 H:76 D:A83 C:AJ4,,S:JT943 H:A53 D:9 C:K863,
Bidpractice/Set2,16,West,Calm,Calm,S:94 H:AK52 D:KJ3 C:K962,,S:A87 H:T9863 D:A62 C:A8,
Bidpractice/Set2,17,West,Calm,Calm,S:K9 H:AKJ65 D:AT5 C:A76,,S:Q82 H:Q843 D:K74 C:KQ2,
Bidpractice/Set2,18,West,Calm,Calm,S:AJ653 H:JT9 D:AQ54 C:6,,S:Q98742 H:KQ3 D:86 C:95,
Bidpractice/Set2,19,West,Calm,Calm,S:AQ9753 H:Q7 D:AK3 C:K2,,S:JT82 H:K52 D:86 C:Q763,
Bidpractice/Set2,20,West,Calm,Calm,S:J8 H:KQ54 D:9753 C:T64,,S:A74 H:AJ872 D:KQJ C:A3,
Bidpractice/Set2,21,West,Calm,Calm,S:A H:KQ98742 D:KQ C:K42,,S:J863 H:63 D:J843 C:875,
Bidpractice/Set2,22,West,Calm,Calm,S:J842 H:976 D:QJ C:AK72,,S:KQT65 H:KQ2 D:K87 C:83,
Bidpractice/Set2,23,West,Calm,Calm,S:KJ872 H:A98 D:KQJ C:65,,S:T953 H:KJ2 D:A5 C:K742,
Bidpractice/Set2,24,West,Calm,Calm,S:A6 H:AQ87642 D:A3 C:42,,S:543 H:K53 D:T65 C:QJ85,
Bidpractice/Set3,1,West,Calm,Calm,S:J6 H:KQT832 D:A7 C:AK3,,S:KQ3 H:J964 D:862 C:965,
Bidpractice/Set3,2,West,Calm,Calm,S:T97 H:A96 D:KQ73 C:K84,,S:AQ4 H:KT8 D:JT95 C:AJ6,
Bidpractice/Set3,3,West,Calm,Calm,S:QJ64 H:A95 D:82 C:AK63,,S:KT73 H:K6 D:T754 C:852,
Bidpractice/Set3,4,West,Calm,Calm,S:75 H:T984 D:K94 C:K852,,S:QJ6 H:AKQ72 D:A53 C:64,
Bidpractice/Set3,5,West,Calm,Calm,S:A832 H:KT9 D:AJ7 C:KQ6,,S:T94 H:QJ4 D:KQ52 C:J95,
Bidpractice/Set3,6,West,Calm,Calm,S:KJ84 H:AK72 D:65 C:K93,,S:AQT6 H:54 D:A874 C:A82,
Bidpractice/Set3,7,West,Calm,Calm,S:KQT84 H:A7 D:KQ5 C:QT6,,S:A963 H:Q64 D:A962 C:J7,
Bidpractice/Set3,8,West,Calm,Calm,S:87 H:T64 D:KQT96 C:T73,,S:AK6 H:AJ9 D:AJ2 C:A852,
Bidpractice/Set3,9,West,Calm,Calm,S:J63 H:AKQ82 D:K6 C:T95,,S:T95 H:J4 D:QJ83 C:KJ72,
Bidpractice/Set3,10,West,Calm,Calm,S:J962 H:KQ75 D:83 C:T74,,S:KQT73 H:A42 D:975 C:A6,
Bidpractice/Set3,11,West,Calm,Calm,S:A83 H:A7 D:KJ964 C:QJ5,,S:KJ4 H:KQ92 D:AQ5 C:KT8,
Bidpractice/Set3,12,West,Calm,Calm,S:K4 H:QT6 D:8532 C:Q985,,S:QJT96 H:A7 D:AQ6 C:AK7,
Bidpractice/Set3,13,West,Calm,Calm,S:QJT83 H:AJ4 D:AT C:962,,S:AK964 H:KQ5 D:KQJ7 C:3,
Bidpractice/Set3,14,West,Calm,Calm,S:A74 H:Q5 D:K764 C:7653,,S:62 H:AK8762 D:AT3 C:A9,
Bidpractice/Set3,15,West,Calm,Calm,S:KQ74 H:83 D:762 C:AKQ2,,S:JT83 H:AQ74 D:J53 C:76,
Bidpractice/Set3,16,West,Calm,Calm,S:A94 H:A7 D:K83 C:KJ962,,S:KQ7 H:KQJ3 D:AT6 C:QT8,
Bidpractice/Set3,17,West,Calm,Calm,S:K973 H:842 D:AK5 C:J76,,S:AQ862 H:J53 D:74 C:KQ2,
Bidpractice/Set3,18,West,Calm,Calm,S:73 H:Q8642 D:A86 C:K95,,S:T82 H:AK753 D:KQ5 C:Q6,
Bidpractice/Set3,19,West,Calm,Calm,S:QJ75 H:A D:AKQ3 C:KT62,,S:KT83 H:J72 D:986 C:QJ3,
Bidpractice/Set3,20,West,Calm,Calm,S:T963 H:754 D:Q7 C:AK64,,S:KQJ74 H:KQ2 D:AJ6 C:93,
Bidpractice/Set3,21,West,Calm,Calm,S:KJ3 H:KQ5 D:AQJ C:KJ42,,S:QT8 H:AJ6 D:KT93 C:QT5,
Bidpractice/Set3,22,West,Calm,Calm,S:JT4 H:AJ6 D:K53 C:T872,,S:965 H:KQ2 D:A87 C:KQJ3,
Bidpractice/Set3,23,West,Calm,Calm,S:QT82 H:AK D:764 C:AKQ5,,S:J975 H:642 D:AKJ C:742,
Bidpractice/Set3,24,West,Calm,Calm,S:543 H:A72 D:KT65 C:985,,S:KQJ H:KQ8 D:QJ93 C:AK2,
Bidpractice/Set4,1,West,Calm,Calm,S:KQ7 H:AT4 D:K9 C:QJT85,,S:AT92 H:Q973 D:AQ4 C:96,
Bidpractice/Set4,2,West,Calm,Calm,S:KJ8754 H:86 D:KQ3 C:72,,S:QT H:KQ93 D:A52 C:AT86,
Bidpractice/Set4,3,West,Calm,Calm,S:K75 H:Q93 D:K75 C:AKJ3,,S:643 H:AKJ765 D:82 C:Q7,
Bidpractice/Set4,4,West,Calm,Calm,S:73 H:KQ86 D:K42 C:JT95,,S:AK65 H:AT4 D:QJ97 C:K8,
Bidpractice/Set4,5,West,Calm,Calm,S:KJ4 H:QT D:KQJ6 C:A973,,S:A9 H:AJ983 D:752 C:J86,
Bidpractice/Set4,6,West,Calm,Calm,S:Q87632 H:85 D:954 C:53,,S:KJ5 H:A76 D:A83 C:KQ94,
Bidpractice/Set4,7,West,Calm,Calm,S:Q63 H:QT92 D:A76 C:AK3,,S:AK72 H:AJ86 D:53 C:T84,
Bidpractice/Set4,8,West,Calm,Calm,S:K974 H:K862 D:73 C:865,,S:AQ82 H:AQ3 D:KT62 C:AQ,
Bidpractice/Set4,9,West,Calm,Calm,S:AJT H:K9 D:A872 C:AT96,,S:Q9874 H:AJT83 D:Q6 C:5,
Bidpractice/Set4,10,West,Calm,Calm,S:KQ542 H:87 D:A8 C:Q764,,S:A96 H:KQ62 D:K532 C:K8,
Bidpractice/Set4,11,West,Calm,Calm,S:K86 H:A93 D:KQ8 C:AKJ2,,S:74 H:KQJ7542 D:A92 C:9,
Bidpractice/Set4,12,West,Calm,Calm,S:K985 H:Q7 D:K87 C:J965,,S:A6 H:KJ53 D:A654 C:KT7,
Bidpractice/Set4,13,West,Calm,Calm,S:A75 H:QJ6 D:AK52 C:QT9,,S:K9864 H:AK53 D:J8 C:64,
Bidpractice/Set4,14,West,Calm,Calm,S:Q865 H:K764 D:A32 C:54,,S:AK73 H:QJ2 D:J5 C:KQJ6,
Bidpractice/Set4,15,West,Calm,Calm,S:KQ H:AQ75 D:KT9 C:QJ84,,S:JT8765 H:9 D:AQ5 C:T72,
Bidpractice/Set4,16,West,Calm,Calm,S:Q742 H:QJT75 D:K6 C:83,,S:KJ5 H:AK6 D:AQ2 C:T762,
Bidpractice/Set4,17,West,Calm,Calm,S:Q742 H:QJT75 D:K7 C:83,,S:AKJ5 H:K6 D:AQ62 C:T72,
Bidpractice/Set4,18,West,Calm,Calm,S:Q742 H:QJT75 D:K7 C:83,,S:AK5 H:K6 D:AQ62 C:JT72,
Bidpractice/Set4,19,West,Calm,Calm,S:KJ H:AK6 D:J953 C:KJ96,,S:QT8654 H:Q753 D:7 C:AQ,
Bidpractice/Set4,20,West,Calm,Calm,S:KQ3 H:QT9843 D:K5 C:A5,,S:A7 H:KJ65 D:A84 C:KQT8,
Bidpractice/Set4,21,West,Calm,Calm,S:Q965 H:AQ93 D:KQ8 C:A6,,S:KJT3 H:K5 D:A93 C:8742,
Bidpractice/Set4,22,West,Calm,Calm,S:J974 H:Q862 D:T876 C:4,,S:AT6 H:AK74 D:AQ53 C:T9,
Bidpractice/Set4,23,West,Calm,Calm,S:AQ62 H:KJ8 D:A62 C:K87,,S:KJ73 H:Q95 D:KT4 C:Q93,
Bidpractice/Set4,24,West,Calm,Calm,S:QT864 H:Q73 D:A6 C:T84,,S:KJ7 H:KJ54 D:KQ73 C:A5,
Bidpractice/Set5,1,West,Calm,Calm,S:AK9873 H:82 D:986 C:J4,,S:QJ2 H:K975 D:KQ2 C:Q53,
Bidpractice/Set5,2,West,Calm,Calm,S:AK9873 H:82 D:986 C:J4,,S:QJ2 H:AK75 D:A72 C:A53,
Bidpractice/Set5,3,West,Calm,Calm,S:AK9873 H:82 D:986 C:J4,,S:QJ62 H:75 D:A72 C:Q753,
Bidpractice/Set5,4,West,Calm,Calm,S:KQ76 H:A62 D:53 C:AQ83,,S:43 H:85 D:KQJ9862 C:97,
Bidpractice/Set5,5,West,Calm,Calm,S:87 H:KQJ9732 D:5 C:864,,S:AJT643 H:A D:AK64 C:97,
Bidpractice/Set5,6,West,Calm,Calm,S:K4 H:KJ5 D:942 C:KQJ72,,S:AQJ9765 H:QT2 D:7 C:63,
Bidpractice/Set5,7,West,Calm,Calm,S:764 H:AK9743 D:72 C:Q5,,S:KQ H:QJ D:AKQ65 C:KJ42,
Bidpractice/Set5,8,West,Calm,Calm,S:AQ5 H:4 D:KQ94 C:KJ742,,S:J83 H:KQJ762 D:85 C:85,
Bidpractice/Set5,9,West,Calm,Calm,S:K84 H:AQT642 D:4 C:965,,S:AQJT65 H:7 D:A95 C:KJ3,
Bidpractice/Set5,10,West,Calm,Calm,S:AK75 H:K63 D:KQJ54 C:A,,S:6 H:AQJ8754 D:632 C:84,
Bidpractice/Set5,11,West,Calm,Calm,S:J3 H:76 D:97 C:KQ98752,,S:AQT H:KQJ D:QJT3 C:AJT,
Bidpractice/Set5,12,West,Calm,Calm,S:AQ63 H:Q82 D:AKQ C:KQJ,,S:J4 H:KJT963 D:875 C:42,
Bidpractice/Set5,13,West,Calm,Calm,S:KQ9862 H:864 D:94 C:K6,,S:JT3 H:AK53 D:AQ732 C:4,
Bidpractice/Set5,14,West,Calm,Calm,S:A64 H:Q42 D:AJ4 C:AK65,,S:73 H:K53 D:KQT872 C:94,
Bidpractice/Set5,15,West,Calm,Calm,S:975 H:76 D:AKQ962 C:83,,S:KQ8 H:AK8 D:J43 C:AT65,
Bidpractice/Set5,16,West,Calm,Calm,S:T92 H:A8743 D:3 C:AK92,,S:KQJ8753 H:2 D:754 C:J5,
Bidpractice/Set5,17,West,Calm,Calm,S:AK8762 H:83 D:83 C:K65,,S:Q9 H:J75 D:A96 C:AQJ42,
Bidpractice/Set5,18,West,Calm,Calm,S:QJ83 H:T6 D:KJ4 C:KQJ4,,S:65 H:AQJ8753 D:975 C:5,
Bidpractice/Set5,19,West,Calm,Calm,S:54 H:863 D:AKQ974 C:85,,S:KQJ H:AK7 D:J63 C:AK42,
Bidpractice/Set5,20,West,Calm,Calm,S:KJ6 H:AQJ42 D:964 C:A5,,S:AQ9752 H:K3 D:852 C:73,
Bidpractice/Set5,21,West,Calm,Calm,S:AQ9864 H:53 D:873 C:72,,S:KJ3 H:AQJ42 D:964 C:A5,
Bidpractice/Set5,22,West,Calm,Calm,S:A63 H:AKQJ742 D:A8 C:4,,S:5 H:8 D:9753 C:KQJ9863,
Bidpractice/Set5,23,West,Calm,Calm,S:QJT742 H:KQ72 D:52 C:9,,S:K3 H:AJ963 D:AQ7 C:864,
Bidpractice/Set5,24,West,Calm,Calm,S:AQ3 H:AJT D:K754 C:QT4,,S:62 H:742 D:AJT832 C:K7,
Bidpractice/Set6,1,West,Calm,Calm,S:AK9 H:AK2 D:A83 C:AJ74,,S:872 H:754 D:J642 C:953,
Bidpractice/Set6,2,West,Calm,Calm,S:K73 H:Q82 D:T986 C:542,,S:A82 H:AK75 D:KQJ C:KQT,
Bidpractice/Set6,3,West,Calm,Calm,S:K3 H:KQJ2 D:AQ98 C:AK4,,S:QJT72 H:A5 D:742 C:653,
Bidpractice/Set6,4,West,Calm,Calm,S:A3 H:T982 D:986 C:8764,,S:KQ2 H:AKQ75 D:A72 C:AT,
Bidpractice/Set6,5,West,Calm,Calm,S:AJ87 H:AK D:A86 C:AKQJ,,S:Q62 H:9753 D:Q52 C:953,
Bidpractice/Set6,6,West,Calm,Calm,S:642 H:754 D:J72 C:8653,,S:A73 H:AKQ862 D:86 C:AK,
Bidpractice/Set6,7,West,Calm,Calm,S:AK63 H:AK82 D:KQJ C:KQ,,S:42 H:QJ975 D:A52 C:753,
Bidpractice/Set6,8,West,Calm,Calm,S:AJ983 H:K72 D:6 C:A874,,S:KQT2 H:AQJT5 D:AK2 C:K,
Bidpractice/Set6,9,West,Calm,Calm,S:KQ86 H:AKJ2 D:AKQ C:86,,S:AJT72 H:987 D:82 C:Q53,
Bidpractice/Set6,10,West,Calm,Calm,S:K63 H:Q85 D:K764 C:953,,S:AQ9 H:AK2 D:A83 C:AJ74,
Bidpractice/Set6,11,West,Calm,Calm,S:AK9 H:AJ82 D:A6 C:AK93,,S:QJ72 H:QT75 D:72 C:854,
Bidpractice/Set6,12,West,Calm,Calm,S:Q63 H:Q85 D:K764 C:KJ3,,S:AK9 H:AK2 D:A83 C:AQ74,
Bidpractice/Set6,13,West,Calm,Calm,S:AKQ86 H:AKT82 D:A C:86,,S:72 H:9753 D:Q742 C:Q93,
Bidpractice/Set6,14,West,Calm,Calm,S:K73 H:982 D:AQJ86 C:J2,,S:AQ2 H:AKQ5 D:K75 C:KQT,
Bidpractice/Set6,15,West,Calm,Calm,S:K6 H:AKQJ2 D:KQJ C:KQJ,,S:AT972 H:975 D:852 C:A3,
Bidpractice/Set6,16,West,Calm,Calm,S:J42 H:8752 D:J72 C:K63,,S:AKQT3 H:AK6 D:86 C:AQ4,
Bidpractice/Set6,17,West,Calm,Calm,S:AQ H:KQJ2 D:AQ98 C:AK4,,S:KJ72 H:A75 D:J42 C:653,
Bidpractice/Set6,18,West,Calm,Calm,S:7 H:KQJ832 D:986 C:874,,S:KQJ82 H:A5 D:AK2 C:AK2,
Bidpractice/Set6,19,West,Calm,Calm,S:KQ87 H:AKQ2 D:AKJ6 C:6,,S:AJT5 H:85 D:Q72 C:KQ53,
Bidpractice/Set6,20,West,Calm,Calm,S:2 H:QJ52 D:9872 C:T763,,S:AKQ63 H:AKT96 D:T6 C:A,
Bidpractice/Set6,21,West,Calm,Calm,S:QT85 H:AK6 D:AK8 C:KQJ,,S:KJ2 H:Q75 D:QT72 C:753,
Bidpractice/Set6,22,West,Calm,Calm,S:K987 H:QJ82 D:986 C:74,,S:AQJ2 H:AK5 D:KQ73 C:A6,
Bidpractice/Set6,23,West,Calm,Calm,S:A8 H:KQ4 D:AKQJ86 C:K4,,S:K72 H:A975 D:T72 C:A53,
Bidpractice/Set6,24,West,Calm,Calm,S:973 H:62 D:QJ9863 C:A4,,S:8 H:AKQ5 D:AK72 C:KQJ3,
Bidpractice/Set7,1,West,Calm,Calm,S:AKQ983 H:2 D:AK C:KQJ8,,S:J742 H:KQ54 D:82 C:753,
Bidpractice/Set7,2,West,Calm,Calm,S:J3 H:AQT86 D:T3 C:JT74,,S:A64 H:KJ9 D:AKQJ9 C:KQ,
Bidpractice/Set7,3,West,Calm,Calm,S:A97 H:QJ42 D:KQ86 C:A5,,S:KQ H:K6 D:A4 C:KQJ9732,
Bidpractice/Set7,4,West,Calm,Calm,S:AKQ643 H:K5 D:K73 C:AK,,S:J952 H:AJ743 D:AQ C:98,
Bidpractice/Set7,5,West,Calm,Calm,S:AK2 H:KQ65 D:KQJ C:KJ6,,S:J73 H:AJT98 D:832 C:Q8,
Bidpractice/Set7,6,West,Calm,Calm,S:A63 H:KT7 D:A94 C:Q987,,S:KQ4 H:A8 D:KQJT73 C:K5,
Bidpractice/Set7,7,West,Calm,Calm,S:KQ85 H:J63 D:87 C:AQJ4,,S:AJ963 H:A4 D:AQJ6 C:K5,
Bidpractice/Set7,8,West,Calm,Calm,S:A64 H:QJ9874 D:J983 C:,,S:KQJ H:AKT D:KQ2 C:KQ73,
Bidpractice/Set7,9,West,Calm,Calm,S:K5 H:AKT753 D:K7 C:J96,,S:A842 H:QJ86 D:A9863 C:,
Bidpractice/Set7,10,West,Calm,Calm,S: H:A975 D:K9864 C:J932,,S:K53 H:KQJT3 D:A C:KQT6,
Bidpractice/Set7,11,West,Calm,Calm,S:A9864 H:AKQ D:7 C:KJ63,,S:K753 H:J87 D:A865 C:74,
Bidpractice/Set7,12,West,Calm,Calm,S:Q753 H:T942 D:A8 C:KJ4,,S: H:KQJ863 D:KJ2 C:AQ65,
Bidpractice/Set7,13,West,Calm,Calm,S:K62 H:AT9 D:AK3 C:AK84,,S:A7 H:K3 D:QJ98742 C:76,
Bidpractice/Set7,14,West,Calm,Calm,S:J8 H:J72 D:85 C:AKQT96,,S:AKQ H:KQ6 D:KQ3 C:J875,
Bidpractice/Set7,15,West,Calm,Calm,S:K75 H:Q96 D:A983 C:AQ7,,S:AQ6 H:K73 D:K6 C:KT653,
Bidpractice/Set7,16,West,Calm,Calm,S:KQJ4 H:K6 D:K4 C:KQJT5,,S:A876 H:QJ7 D:AJ3 C:A82,
Bidpractice/Set7,17,West,Calm,Calm,S:AK H:AQT96 D:AQJ3 C:AK,,S:972 H:KJ53 D:K7 C:7642,
Bidpractice/Set7,18,West,Calm,Calm,S:A62 H:AT4 D:K75 C:K862,,S:K7 H:K9 D:AQJT4 C:AQJ7,
Bidpractice/Set7,19,West,Calm,Calm,S:6 H:K4 D:KJ974 C:AQJ92,,S:AK5 H:7 D:QT653 C:KT84,
Bidpractice/Set7,20,West,Calm,Calm,S:K4 H:KQT95 D:A76 C:A54,,S:AQJ73 H:AJ86 D:53 C:87,
Bidpractice/Set7,21,West,Calm,Calm,S:A62 H:KQJ7 D:6 C:KQJT9,,S:K53 H:AT952 D:A94 C:A4,
Bidpractice/Set7,22,West,Calm,Calm,S:87 H:Q974 D:KQ5 C:AT83,,S:AKQ5 H:AJ652 D:6 C:KQJ,
Bidpractice/Set7,23,West,Calm,Calm,S:AJ6 H:K5 D:AQ62 C:A974,,S:K42 H:AQJ8742 D:K C:K3,
Bidpractice/Set7,24,West,Calm,Calm,S:Q63 H:AT7 D:952 C:AT86,,S:AK H:KQ4 D:KQJ3 C:KQJ5,
Bidpractice/Set8,1,West,Calm,Calm,S:KQJ96 H:4 D:KQJ7 C:AKQ,,S:A84 H:A873 D:T95 C:752,
Bidpractice/Set8,2,West,Calm,Calm,S:KJ H:QJ85 D:QT97 C:Q42,,S:AQ7 H:KT742 D:KJ3 C:AK,
Bidpractice/Set8,3,West,Calm,Calm,S:KT74 H:KQJ84 D:A6 C:A3,,S:AQ8632 H:5 D:KQ7 C:KQ5,
Bidpractice/Set8,4,West,Calm,Calm,S:A75 H:QT83 D:A854 C:92,,S:6 H:AK9754 D:6 C:KQJT3,
Bidpractice/Set8,5,West,Calm,Calm,S:AK9842 H:KQT6 D:84 C:A,,S:QJ73 H:AJ5 D:T632 C:K4,
Bidpractice/Set8,6,West,Calm,Calm,S:AJ7 H:J6 D:QJT87 C:A64,,S:6 H:KQ872 D:AK963 C:KQ,
Bidpractice/Set8,7,West,Calm,Calm,S:KQ7 H:J6 D:A64 C:QJT87,,S:6 H:KQ872 D:KQ C:AK963,
Bidpractice/Set8,8,West,Calm,Calm,S:KQJ8752 H:4 D:K6 C:AK5,,S:A96 H:QJT3 D:AQJ C:QJ9,
Bidpractice/Set8,9,West,Calm,Calm,S:AJT5 H:AK D:K5 C:AKQJ4,,S:KQ8743 H:Q75 D: C:9762,
Bidpractice/Set8,10,West,Calm,Calm,S:A6 H:AQ8752 D:KQ3 C:87,,S:KQ3 H:KT93 D:A6 C:KQ96,
Bidpractice/Set8,11,West,Calm,Calm,S:AQ64 H:AKQ D:A5 C:KJ63,,S:KT7532 H:8 D:K86 C:AQ4,
Bidpractice/Set8,12,West,Calm,Calm,S:AK753 H:8 D:KQ72 C:KQ4,,S:Q86 H:QJ3 D:AJ5 C:AJ65,
Bidpractice/Set8,13,West,Calm,Calm,S:K93 H:AT6 D:A9862 C:K9,,S:AQJ652 H:K82 D:Q C:A85,
Bidpractice/Set8,14,West,Calm,Calm,S:AK H:QJ3 D:AKQ5 C:A962,,S:95 H:AK98742 D:73 C:87,
Bidpractice/Set8,15,West,Calm,Calm,S:QT875 H:K6 D:AK3 C:AKJ,,S:J9643 H:AQ3 D:Q7 C:Q53,
Bidpractice/Set8,16,West,Calm,Calm,S:KQ5 H:AQ96 D:764 C:K96,,S:AJ6 H:K75 D:KQ53 C:AJ5,
Bidpractice/Set8,17,West,Calm,Calm,S:K5 H:AK9762 D:K8 C:764,,S:A972 H:QJ53 D:QJ753 C:,
Bidpractice/Set8,18,West,Calm,Calm,S:AK63 H:KQT4 D:KQ85 C:2,,S:Q982 H:A95 D:A64 C:KQJ,
Bidpractice/Set8,19,West,Calm,Calm,S:AK63 H:KQT4 D:KQ85 C:2,,S:J982 H:A95 D:AJ4 C:KQJ,
Bidpractice/Set8,20,West,Calm,Calm,S:AK4 H:J95 D:AK76 C:A54,,S:732 H:AKQ864 D:53 C:87,
Bidpractice/Set8,21,West,Calm,Calm,S:AQJ862 H:KQ7 D:KQJ C:A,,S:K53 H:A952 D:854 C:654,
Bidpractice/Set8,22,West,Calm,Calm,S:A72 H:Q74 D:985 C:9843,,S:KQJ5 H:AK652 D:6 C:AKQ,
Bidpractice/Set8,23,West,Calm,Calm,S:A72 H:J9874 D:85 C:843,,S:KQJ5 H:AK652 D:6 C:AKQ,
Bidpractice/Set8,24,West,Calm,Calm,S:AK963 H:AJ75 D:KQ2 C:6,,S:85 H:KQ964 D:73 C:AK85,
Bidpractice/Set9,1,West,Calm,Calm,S:A73 H:QJT82 D:K86 C:Q4,,S:K42 H:AK75 D:A2 C:8753,
Bidpractice/Set9,2,West,Calm,Calm,S:K854 H:KQ84 D:T52 C:KQ,,S:AJT96 H:A62 D:AQ C:T52,
Bidpractice/Set9,3,West,Calm,Calm,S:AJT762 H:KT D:AJ6 C:J4,,S:KQ53 H:QJ5 D:KQ C:9732,
Bidpractice/Set9,4,West,Calm,Calm,S:K9652 H:A76 D:Q5 C:KQ8,,S:AQJ743 H:KQJ5 D:J3 C:7,
Bidpractice/Set9,5,West,Calm,Calm,S:K9652 H:A76 D:A5 C:Q98,,S:AQJ743 H:KQJ5 D:J3 C:7,
Bidpractice/Set9,6,West,Calm,Calm,S:KQ H:K875 D:A9 C:KQT92,,S:A5 H:AJT962 D:KQ7 C:63,
Bidpractice/Set9,7,West,Calm,Calm,S:AQT64 H:KQJ7 D:KJ C:J5,,S:KJ972 H:A95 D:Q5 C:KQT,
Bidpractice/Set9,8,West,Calm,Calm,S:A763 H:AQ84 D:94 C:KQ2,,S:KQJ85 H:KJ7 D:Q85 C:84,
Bidpractice/Set9,9,West,Calm,Calm,S:Q84 H:AK842 D:4 C:KJ95,,S:A765 H:QJT7 D:KQ75 C:4,
Bidpractice/Set9,10,West,Calm,Calm,S:KJ75 H:K6 D:KQ98 C:J83,,S:AQ9864 H:QJ7 D:J2 C:KQ,
Bidpractice/Set9,11,West,Calm,Calm,S:KQ H:AJT976 D:97 C:A96,,S:A983 H:KQ83 D:AK4 C:72,
Bidpractice/Set9,12,West,Calm,Calm,S:K763 H:J83 D:KQ C:AK83,,S:AQ984 H:AK4 D:98 C:QJ2,
Bidpractice/Set9,13,West,Calm,Calm,S:KQJ H:KQJ84 D:94 C:J65,,S:3 H:A953 D:AJT2 C:KQ94,
Bidpractice/Set9,14,West,Calm,Calm,S:764 H:KQJ84 D:K4 C:A65,,S:3 H:A953 D:AJT2 C:KQ94,
Bidpractice/Set9,15,West,Calm,Calm,S:A75 H:QJT76 D:J8 C:KQ3,,S:KQ H:AK8 D:7543 C:JT65,
Bidpractice/Set9,16,West,Calm,Calm,S:KQJ H:A873 D:62 C:AJ92,,S:3 H:KJ9652 D:KQJ C:KQ5,
Bidpractice/Set9,17,West,Calm,Calm,S:6 H:AK972 D:87 C:KQ865,,S:AQ9 H:QJ83 D:QJ96 C:J2,
Bidpractice/Set9,18,West,Calm,Calm,S:QJ84 H:K875 D:AJ4 C:64,,S:AK9765 H:J9 D:K75 C:AQ,
Bidpractice/Set9,19,West,Calm,Calm,S:KQ954 H:AQ8 D:Q97 C:QJ,,S:JT863 H:KJ7 D:AK3 C:K5,
Bidpractice/Set9,20,West,Calm,Calm,S:KJ96 H:KQ98 D:Q94 C:A5,,S:AQ8752 H:A3 D:J62 C:KQ,
Bidpractice/Set9,21,West,Calm,Calm,S:KJ84 H:AK943 D:A96 C:7,,S:AQ963 H:QJ75 D:KQ C:QJ,
Bidpractice/Set9,22,West,Calm,Calm,S:K973 H:A42 D:AK82 C:K8,,S:AQJ86 H:85 D:3 C:AQ963,
Bidpractice/Set9,23,West,Calm,Calm,S:A95 H:KQJ72 D:AQ C:964,,S:KQJ H:AT93 D:K8754 C:8,
Bidpractice/Set9,24,West,Calm,Calm,S:AJ53 H:A6 D:KJ72 C:874,,S:KQ9762 H:KQJ2 D:A8 C:5,
Blackwood,1,West,Calm,Calm,S:9 H:QJT75 D:AKQ3 C:KQ4,,S:AK H:K942 D:JT85 C:863,
Blackwood,2,West,Calm,Calm,S:K95 H:A7 D:KQ3 C:KQJ64,,S:QJ8 H:KQ2 D:AT986 C:A9,
Blackwood,3,West,Calm,Calm,S:AQJ H:QJT5 D:975 C:KQJ,,S:K8 H:K2 D:KQJT843 C:A3,
Blackwood,4,West,Calm,Calm,S:KQ7 H:A65 D:QT83 C:KJ4,,S:A98 H:KQJT D:KJ6 C:AQ3,
Blackwood,5,West,Calm,Calm,S:84 H:AJT863 D:63 C:A75,,S:AK H:K942 D:KQJT54 C:8,
Blackwood,6,West,Calm,Calm,S:K5 H:A985 D:AQ C:KQJ54,,S:A986 H:KQJT D:KT86 C:3,
Blackwood,7,West,Calm,Calm,S:QT6 H:AQ5 D:T87 C:AQ52,,S:AK H:KT D:KQJ94 C:KT83,
Blackwood,8,West,Calm,Calm,S:T92 H:AKQT5 D:AK C:KQJ,,S:AQJ873 H:6 D:T86 C:A63,
Blackwood,9,West,Calm,Calm,S:642 H:AQ9742 D: C:8542,,S:AK H:K853 D:KQJ4 C:A93,
Blackwood,10,West,Calm,Calm,S:KQ4 H:KQJ3 D:KQJ5 C:AK,,S:AT7 H:952 D:AT86 C:Q63,
Blackwood,11,West,Calm,Calm,S:AT H:AK76 D:A85 C:AKJ5,,S:KQJ8643 H:3 D:KQJ4 C:7,
Blackwood,12,West,Calm,Calm,S:AQJ2 H:KQJ D:J6 C:KQJ8,,S:KT983 H:2 D:AKT4 C:A73,
Blackwood,13,West,Calm,Calm,S:QT92 H:AJ43 D:Q7 C:QT6,,S:AKJ83 H:KQ76 D:98 C:AK,
Blackwood,14,West,Calm,Calm,S:Q85 H:AK4 D:KJT C:KT43,,S:AK43 H:QJ86 D:A9 C:QJ6,
Blackwood,15,West,Calm,Calm,S:964 H:AJ953 D:AQJ3 C:7,,S:KQJ83 H:K8764 D:7 C:AK,
Blackwood,16,West,Calm,Calm,S:KQ72 H:Q4 D:AQ84 C:A52,,S:AT643 H:K8 D:KJ5 C:KJ6,
Blackwood,17,West,Calm,Calm,S:KQJ H:AJ4 D:AT53 C:JT8,,S:A53 H:KQ5 D:KQJ874 C:9,
Blackwood,18,West,Calm,Calm,S:KT742 H:AK D:A C:KJ863,,S:AQJ9853 H:964 D:873 C:,
Blackwood,19,West,Calm,Calm,S:KQJ H:J97 D:KQJ C:AQJ7,,S:A7 H:KQT86543 D:4 C:K6,
Blackwood,20,West,Calm,Calm,S:KJ H:AK7532 D:K6 C:873,,S:A843 H:QJ986 D:A984 C:,
Cue-bid,1,East,2H,1S-2H,S:AQ876 H:73 D:KQJ7 C:Q2,,S:KT93 H:64 D:A64 C:KJ98,
Cue-bid,2,West,2C,1S-2C,S:KQ63 H:A873 D:Q8 C:842,,S:AT984 H:964 D:AK7 C:A5,
Cue-bid,3,East,1S,1H-1S,S:742 H:AK654 D:AJ3 C:43,,S:85 H:Q973 D:KQ4 C:QJ92,
Cue-bid,4,West,1S,1H-1S,S:A3 H:Q874 D:J62 C:8742,,S:964 H:AKJ53 D:974 C:AK,
Cue-bid,5,East,2H,1S-2H,S:AQ876 H:73 D:KQJ7 C:92,,S:KT93 H:64 D:A64 C:T863,
Cue-bid,6,West,1S,1H-1S,S:843 H:KT64 D:AQ5 C:Q93,,S:J6 H:QJ975 D:J74 C:AK5,
Cue-bid,7,West,1H,1H,S:AKT94 H:853 D:653 C:K9,,S:QJ86 H:7 D:AKQ4 C:8632,
Cue-bid,8,West,2H,1S-2H,S:JT98 H:J94 D:A862 C:AJ,,S:AKQ642 H:8 D:KQ4 C:KQ5,
Cue-bid,9,West,1C,1C,S:QJ74 H:KQJT2 D:873 C:T,,S:86 H:A984 D:9654 C:AQJ,
Cue-bid,9,East,1S,1C-1H-1S,S:QJ74 H:KQJT2 D:873 C:T,,S:86 H:A984 D:9654 C:AQJ,
Cue-bid,10,East,2C,1H-2C,S:A73 H:AK853 D:A6 C:974,,S:KQT6 H:QJ976 D:QJ75 C:,
DONT,1,East,1NT,1NT,S:A932 H:JT6 D:73 C:KQ65,,S:54 H:KQ982 D:AJT96 C:3,
DONT,2,West,1NT,1NT,S:A92 H:AKJT63 D:73 C:65,,S:654 H:982 D:A865 C:973,
DONT,3,West,1NT,1NT,S:KJ9 H:A4 D:Q872 C:A965,,S:QT854 H:QT982 D:53 C:7,
DONT,4,East,1NT,1NT,S:A975 H:63 D:KQ752 C:65,,S:83 H:KJ82 D:964 C:AQ73,
DONT,5,East,1NT,1NT,S:QJ4 H:74 D:Q75 C:AJ962,,S:T75 H:KQJ982 D:A96 C:3,
DONT,6,West,1NT,1NT,S:T7 H:AJ9742 D:A82 C:KQ,,S:QJ98643 H:65 D:94 C:T2,
DONT,7,West,1NT,1NT,S:AJ97 H:J73 D:KQ5 C:QJ4,,S:4 H:KQ9862 D:863 C:T75,
DONT,8,East,1NT,1NT,S:K2 H:63 D:753 C:KJ9653,,S:A873 H:J852 D:Q964 C:Q,
DONT,9,East,1NT,1NT,S:J4 H:KQJT743 D:75 C:62,,S:85 H:82 D:T96 C:AKJ983,
DONT,10,West,1NT,1NT,S:KQJ83 H:AT764 D:6 C:K8,,S:7 H:QJ82 D:KQT74 C:973,
DONT,11,West,1NT,1NT,S:KJ96 H:K973 D:AQ65 C:8,,S:AT32 H:64 D:98 C:KT975,
DONT,12,East,1NT,1NT,S:KT8652 H:J63 D:T5 C:87,,S:AJ73 H:KQ9 D:AQ86 C:63,
DONT,13,East,1NT,1NT,S:A864 H:QT87 D:K642 C:Q,,S:75 H:52 D:Q95 C:AKJ983,
DONT,14,West,1NT,1NT,S:KQ985 H:64 D:86 C:KQ92,,S:A76 H:QT53 D:J742 C:85,
DONT,15,West,1NT,1NT,S:87 H:KQJT87 D:965 C:83,,S:AK632 H:94 D:8 C:KQ975,
DONT,16,East,1NT,1NT,S:Q9742 H:KT94 D:75 C:42,,S:A3 H:J65 D:AQ86 C:K863,
DONT,17,East,1NT,1NT,S:T64 H:JT83 D:AJ8 C:A75,,S:KQJ975 H:52 D:Q95 C:83,
DONT,18,East,1NT,1NT,S:8653 H:Q92 D:754 C:Q63,,S:AJT H:KJ7 D:QJ96 C:AT7,
DONT,19,West,1NT,1NT,S:J64 H:AT865 D:KQ9 C:K4,,S:KQT932 H:9 D:864 C:975,
DONT,20,East,1NT,1NT,S:QT742 H:KT974 D:5 C:42,,S:J93 H:A65 D:AQ86 C:K83,
Drury,1,West,Calm,Calm,S:K43 H:AQJ54 D:63 C:T95,,S:A5 H:KT83 D:K752 C:843,
Drury,2,West,Calm,Calm,S:Q874 H:A53 D:KQ3 C:T82,,S:AKJ95 H:Q94 D:76 C:965,
Drury,3,West,Calm,Calm,S:AK952 H:K83 D:QJ C:752,,S:QJT7 H:A4 D:KT953 C:94,
Drury,4,West,Calm,Calm,S:A94 H:AJ7 D:KT83 C:T82,,S:752 H:KQT63 D:QJ9 C:A7,
Drury,5,West,Calm,Calm,S:Q84 H:AKJ53 D:82 C:A74,,S:7 H:Q9864 D:T743 C:K83,
Drury,6,West,Calm,Calm,S:T642 H:KQ5 D:86 C:AQ93,,S:QJ9875 H:A4 D:KQJ C:87,
Drury,7,West,Calm,Calm,S:KT843 H:J53 D:J76 C:AK,,S:QJ96 H:AK D:852 C:9765,
Drury,8,West,Calm,Calm,S:JT96 H:Q8 D:86 C:K8653,,S:KQ875 H:K74 D:KQ7 C:T2,
FSF,1,West,Calm,Calm,S:KQ92 H:AT6 D:J5 C:K954,,S:A5 H:KQ982 D:T96 C:A63,
FSF,2,West,Calm,Calm,S:K72 H:AJT93 D:Q6 C:953,,S:Q986 H:82 D:AK74 C:AT4,
FSF,3,West,Calm,Calm,S:KQ92 H:T6 D:AJ5 C:K954,,S:A5 H:KQ982 D:T96 C:A63,
FSF,4,West,Calm,Calm,S:AK752 H:863 D:AK C:984,,S:6 H:AJT D:QT954 C:AQ73,
FSF,5,West,Calm,Calm,S:Q4 H:AT864 D:83 C:AK82,,S:KJT7 H:QJ D:KQJ9 C:J76,
FSF,6,West,Calm,Calm,S:AK985 H:A5 D:87 C:QJ94,,S:7 H:KQ863 D:T4 C:AKT86,
FSF,7,West,Calm,Calm,S:4 H:AJ863 D:QJT7 C:AJ9,,S:KQJ76 H:KQ D:K64 C:863,
FSF,8,West,Calm,Calm,S:KT854 H:AKT7 D:85 C:K4,,S:6 H:QJ82 D:AKT9 C:A985,
FSF,9,West,Calm,Calm,S:A3 H:AQJ72 D:QT83 C:64,,S:KQJ5 H:864 D:AK7 C:975,
FSF,10,West,Calm,Calm,S:KQJ62 H:963 D:A6 C:K54,,S:743 H:K2 D:KJT8 C:AQ96,
FSF,11,West,Calm,Calm,S:KJ3 H:QT975 D:AQ96 C:6,,S:975 H:63 D:KT C:AKQJ83,
FSF,12,West,Calm,Calm,S:KQ95 H:K3 D:AJ863 C:93,,S:A863 H:AJ75 D:9 C:KQ64,
FSF,13,West,Calm,Calm,S:T94 H:KQJ62 D:6 C:AK65,,S:KQJ53 H:73 D:A94 C:Q83,
FSF,14,West,Calm,Calm,S:A7 H:AQ743 D:T82 C:JT5,,S:KT86 H:KJ9 D:6 C:AK642,
Help,1,West,Calm,Calm,S:QT6 H:T86 D:AJ4 C:J752,,S:A5 H:AQ942 D:T853 C:K3,
Help,2,West,Calm,Calm,S:KQT98 H:Q543 D:AQ C:A5,,S:J742 H:K8 D:965 C:K762,
Help,3,West,Calm,Calm,S:T853 H:KQ54 D:Q76 C:94,,S:AQJ96 H:A7 D:AK5 C:T63,
Help,4,West,Calm,Calm,S:A3 H:AQJ92 D:Q742 C:K8,,S:J42 H:K85 D:653 C:A762,
Help,5,West,Calm,Calm,S:QJ2 H:K863 D:865 C:T95,,S:K3 H:AJ972 D:AK C:J863,
Help,6,West,Calm,Calm,S:AKQ92 H:Q873 D:A4 C:Q7,,S:8753 H:6 D:KQ53 C:JT62,
Help,7,West,Calm,Calm,S:Q65 H:T864 D:AJ73 C:76,,S:AKJ84 H:2 D:K642 C:A83,
Help,8,West,Calm,Calm,S:KQ5 H:AQT75 D:AJ C:J64,,S:A62 H:KJ6 D:9653 C:Q83,
Help,9,West,Calm,Calm,S:K8 H:J742 D:K762 C:965,,S:Q543 H:KQT98 D:A5 C:AQ,
Help,10,West,Calm,Calm,S:AKQ84 H:62 D:962 C:AK8,,S:T53 H:AK53 D:853 C:QT2,
Jacoby,1,West,Calm,Calm,S:K764 H:KT6 D:A953 C:K8,,S:AQJT8 H:QJ2 D:84 C:Q53,
Jacoby,2,West,Calm,Calm,S:KQJ62 H:6 D:KJ75 C:A84,,S:AT87 H:KJ95 D:84 C:KQ3,
Jacoby,3,West,Calm,Calm,S:QJ95 H:AJ63 D:K7 C:KT4,,S:AKT87 H:KQ5 D:JT84 C:8,
Jacoby,4,West,Calm,Calm,S:AQJT8 H:K4 D:84 C:AQ83,,S:K943 H:72 D:KQJ95 C:KJ,
Jacoby,5,West,Calm,Calm,S:K973 H:J7 D:KQ65 C:KJ8,,S:AQJT85 H:K4 D:84 C:AT3,
Jacoby,6,West,Calm,Calm,S:A65 H:AT754 D:A7 C:862,,S:K3 H:KQ86 D:KQJ3 C:975,
Jacoby,7,West,Calm,Calm,S:QJ H:AJT6 D:Q52 C:KJ73,,S:73 H:KQ972 D:AKJ98 C:5,
Jacoby,8,West,Calm,Calm,S:AQ3 H:AJT953 D:6 C:K82,,S:KJ H:KQ86 D:KJT3 C:975,
Jacoby,9,West,Calm,Calm,S:3 H:QT95 D:AQ3 C:KJT83,,S:T94 H:AKJ84 D:KJT C:AQ,
Jacoby,10,West,Calm,Calm,S:K3 H:KJT974 D:KQ5 C:A9,,S:AQ62 H:AQ53 D:J98 C:T7,
Jacoby,11,West,Calm,Calm,S:AQ63 H:A9 D:T87 C:A964,,S:KJ98752 H:KQ3 D:AK C:8,
Jacoby,12,West,Calm,Calm,S:765 H:AJT96 D:KQ C:A65,,S:9 H:KQ85 D:A972 C:K743,
Jacoby,13,West,2C,1S-2C,S:A654 H:K52 D:A86 C:974,,S:KQ987 H:A96 D:KT5 C:53,
Jacoby,14,West,Calm,Calm,S:765 H:AJT96 D:KQ C:A65,,S:K H:KQ85 D:A972 C:J743,
Jacoby,15,West,Calm,Calm,S:KQJ52 H:AJT2 D:954 C:7,,S:3 H:KQ753 D:KQJ6 C:A86,
Jacoby,16,West,Calm,Calm,S:AJ8763 H:AQ7 D:KQ C:87,,S:K9542 H:K6 D:J4 C:KQ53,
Jacoby,17,West,Calm,Calm,S:AK3 H:KJ95 D:KQJ3 C:97,,S:Q74 H:AQT83 D:87 C:KQ6,
Jacoby,18,West,Calm,Calm,S:A98753 H:95 D:KQJT C:A,,S:KQJ42 H: D:9753 C:KQ84,
Jacoby,19,West,Calm,Calm,S:KQ643 H:76 D:AKQ C:KQJ,,S:AJT87 H:AQ D:J4 C:AT83,
Jacoby,20,East,1S,1H-1S,S:743 H:AT852 D:KJ C:KQ9,,S:96 H:KQJ3 D:AQ764 C:T2,
Jacoby,21,West,Calm,Calm,S:A75 H:J9865 D:AK93 C:7,,S:K92 H:AKQ74 D:7 C:A963,
Jacoby,22,West,Calm,Calm,S:AK874 H:6 D:KJ62 C:QJ6,,S:QT95 H:KQ D:AQ3 C:9875,
Jacoby,23,West,Calm,Calm,S:AK3 H:KJ95 D:J3 C:QT87,,S:QJ H:AQ8643 D:KQ C:KJ5,
Jacoby,24,West,Calm,Calm,S:AQ853 H:5 D:AJT72 C:63,,S:K9762 H:AK74 D:KQ8 C:K,
Jacoby,25,West,Calm,Calm,S:KJ64 H:KQ5 D:J4 C:AJ95,,S:AQ975 H:JT D:KQ5 C:KQT,
Leben,1,East,2H,1NT-2H,S:AQ6 H:Q73 D:A85 C:KJ94,,S:KT9753 H:64 D:9764 C:Q,
Leben,2,West,2H,1NT-2H,S:KQJ73 H:75 D:543 C:AJ7,,S:T85 H:A8 D:AK76 C:KQ93,
Leben,3,East,2D,1NT-2D,S:A96 H:Q74 D:A85 C:AK76,,S:K85 H:AKJ86 D:72 C:843,
Leben,4,West,2C,1NT-2C,S:86 H:KQJ73 D:543 C:972,,S:KQ93 H:AT85 D:AK6 C:J6,
Leben,5,East,2C,1NT-2C,S:K9 H:AQ76 D:AK92 C:T76,,S:AQT8 H:KJ95 D:J54 C:84,
Leben,6,West,2D,1NT-2D,S:76 H:KQJ7 D:T3 C:AT732,,S:KQ93 H:AT85 D:Q6 C:KQ6,
Leben,7,East,2S,1NT-2S,S:A84 H:AQJ D:KJ3 C:Q763,,S:62 H:853 D:Q98754 C:K4,
Leben,8,West,2S,1NT-2S,S:5 H:QJ9742 D:943 C:J74,,S:A87 H:K65 D:QJT6 C:KQ6,
Leben,9,East,2S,1NT-2S,S:752 H:AKQ6 D:A3 C:KT83,,S:84 H:9853 D:KQJ4 C:AQ7,
Leben,10,West,2H,1NT-2H,S:KT5 H:52 D:AQJ73 C:875,,S:A97 H:AJT D:KT6 C:KQ94,
Leben,11,East,2S,1NT-2S,S:752 H:AQ D:AK53 C:KT83,,S:AQ H:K853 D:QJ94 C:764,
Leben,12,West,2D,1NT-2D,S:J964 H:KQ73 D:AQ9 C:T3,,S:KQ8 H:AJ5 D:T6 C:KQJ94,
Leben,13,East,2H,1NT-2H,S:K95 H:AJ9 D:KQ85 C:AT2,,S:A74 H:763 D:AJ6 C:K974,
Leben,14,West,2H,1NT-2H,S:QT4 H:KJ6 D:A97 C:KT83,,S:AJ5 H:97 D:KQT83 C:AQ7,
Leben,15,East,2S,1NT-2S,S:742 H:AQ D:AK53 C:KT93,,S:AQ5 H:K83 D:QJ94 C:764,
Leben,16,West,2S,1NT-2S,S:KJ73 H:964 D:J82 C:K65,,S:T85 H:AK7 D:KQ73 C:A74,
Leben,17,East,2D,1NT-2D,S:KJ5 H:KJ7 D:A96 C:KQT2,,S:Q74 H:QT965 D:83 C:A83,
Leben,18,West,2H,1NT-2H,S:AJ63 H:94 D:A85 C:KJT3,,S:KQ5 H:T8 D:KQ73 C:AQ74,
Leben,19,East,2D,1NT-2D,S:K73 H:A952 D:Q5 C:AKJ5,,S:A8 H:764 D:AJ97 C:T964,
Leben,20,West,2D,1NT-2D,S:QT84 H:K6 D:AT7 C:KT83,,S:KJ93 H:AQ87 D:95 C:AQ7,
Major,1,West,Calm,Calm,S:975 H:Q732 D:543 C:AK4,,S:A4 H:AKJ98 D:872 C:865,
Major,2,West,Calm,Calm,S:963 H:Q752 D:K4 C:K874,,S:A4 H:AKT98 D:A72 C:QJ5,
Major,3,West,Calm,Calm,S:9872 H:K83 D:AQJ C:Q64,,S:KQJT6 H:A D:9872 C:KJ5,
Major,4,West,Calm,Calm,S:K742 H:Q8 D:A653 C:K94,,S:A8653 H:J4 D:J72 C:AQ6,
Major,5,West,Calm,Calm,S:A73 H:A73 D:Q5 C:QJ543,,S:952 H:KJT864 D:K72 C:A,
Major,6,West,Calm,Calm,S:J874 H:75 D:K54 C:QJ52,,S:AK65 H:J9864 D:72 C:A3,
Major,7,West,Calm,Calm,S:K973 H:5 D:KQ64 C:Q876,,S:AT65 H:AK864 D:72 C:A3,
Major,8,West,Calm,Calm,S:A4 H:Q7 D:KT97 C:KQJ86,,S:KQ973 H:AT95 D:QJ3 C:T,
Major,9,West,Calm,Calm,S:62 H:K973 D:A84 C:A983,,S:A9753 H:QJT5 D:KQJ C:7,
Major,10,West,Calm,Calm,S:Q6 H:K873 D:A97 C:T854,,S:AKT753 H:QJ5 D:KQT C:7,
Major,11,West,Calm,Calm,S:AT2 H:K752 D:743 C:A97,,S:6 H:AQJ98 D:AK85 C:KQJ,
Major,12,West,Calm,Calm,S:K5 H:AKQ75 D:K63 C:AT8,,S:987 H:T86 D:AQ85 C:632,
Major,13,West,Calm,Calm,S:742 H:KT742 D:AQ4 C:K3,,S:8 H:Q9853 D:KJ85 C:864,
Major,14,West,Calm,Calm,S:3 H:AKJ873 D:AQJ3 C:73,,S:AK972 H:Q5 D:742 C:T65,
Major,15,West,Calm,Calm,S:AQT93 H:A92 D:KQJ3 C:4,,S:KJ72 H:85 D:742 C:AKQ5,
Major,16,West,Calm,Calm,S:75 H:AKT764 D:KJ C:QJT,,S:AKT8 H:9853 D:QT96 C:8,
Major,17,West,Calm,Calm,S:A962 H:AKJ74 D:T5 C:73,,S:KQT8 H:Q6 D:QJ96 C:A96,
Major,18,West,Calm,Calm,S:AT975 H:KQ D:KT5 C:AJ7,,S:KQ86 H:J76 D:QJ76 C:96,
Major,19,West,Calm,Calm,S:AT975 H:KQ D:A3 C:QT43,,S:KQ86 H:J76 D:J76 C:965,
Major,20,West,Calm,Calm,S:AK42 H:AKJ53 D:J72 C:T,,S:93 H:QT6 D:KQT3 C:9654,
Michaels,1,East,1D,1D,S:K93 H:74 D:QJ65 C:A832,,S:QJ864 H:AT983 D:3 C:76,
Michaels,2,West,1C,1C,S:AT863 H:AT974 D:86 C:5,,S:J95 H:K83 D:AJT5 C:976,
Michaels,3,East,1H,1H,S:A642 H:Q873 D:Q3 C:A95,,S:75 H:9 D:KT974 C:KQJ63,
Michaels,4,West,1S,1S,S:96 H:4 D:KQJ84 C:KQT75,,S:J75 H:AJ973 D:965 C:J2,
Michaels,5,East,1S,1S,S:863 H:K7532 D:A975 C:Q,,S:7 H:JT984 D:6 C:KJT532,
Michaels,6,West,1H,1H,S:74 H:6 D:J9873 C:AQT85,,S:AKT6 H:AKJ9 D:K6 C:KJ2,
Michaels,7,East,1C,1C,S:A93 H:A6 D:Q9842 C:KQJ,,S:87 H:QJ984 D:KJT53 C:2,
Michaels,8,West,1D,1D,S:K9874 H:QJT96 D:5 C:74,,S:AJT6 H:74 D:A76 C:AT95,
Michaels,9,East,1S,1S,S:KQJ7 H:6 D:974 C:K8654,,S:T H:QJ984 D:KJT53 C:J2,
Michaels,10,West,1C,1C,S:KQ H:AKQ83 D:QJT54 C:3,,S:T6 H:74 D:K763 C:AT965,
Michaels,11,East,1H,1H,S:KT93 H:J652 D:K6 C:KQ5,,S:AQJ65 H:9 D:AQT53 C:63,
Michaels,12,West,1H,1H,S:AT983 H:8 D:75 C:QJT74,,S:6 H:K642 D:KT93 C:K865,
Michaels,13,East,1D,1D,S:762 H:J95 D:QJ8 C:7542,,S:AK853 H:KQT74 D:5 C:A3,
Michaels,14,West,1C,1C,S:94 H:AT964 D:KQ652 C:8,,S:QJT8765 H:83 D:74 C:A6,
Michaels,15,East,1C,1C,S:J943 H:J6 D:T764 C:976,,S:KQT62 H:AKQ74 D:5 C:A3,
Michaels,16,West,1D,1D,S:K9852 H:A9432 D:T5 C:9,,S:A6 H:KQT8 D:742 C:AK65,
Michaels,17,East,1S,1S,S:A73 H:AK D:AQ63 C:T853,,S:4 H:6 D:K8752 C:QJ9764,
Michaels,18,West,1C,1C,S:QJ753 H:A9842 D:K5 C:4,,S:T4 H:J6 D:QT9742 C:K65,
Michaels,18,East,3C,1C-2C-3C,S:QJ753 H:A9842 D:K5 C:4,,S:T4 H:J6 D:QT9742 C:K65,
Michaels,19,East,1D,1D,S:7 H:62 D:A64 C:AKQ8743,,S:QT652 H:KQ973 D:7 C:J9,
Michaels,20,West,1D,1D,S:KJT52 H:A9743 D:62 C:T,,S:Q874 H:T65 D:7 C:A9752,
Michaels,20,East,3D,1D-2D-3D,S:KJT52 H:A9743 D:62 C:T,,S:Q874 H:T65 D:7 C:A9752,
Minor,1,West,Calm,Calm,S:K73 H:QT62 D:J5 C:J874,,S:A4 H:KJ98 D:9872 C:KQ5,
Minor,2,West,Calm,Calm,S:762 H:Q96 D:J92 C:AQ96,,S:AQJ5 H:KJ4 D:KT53 C:72,
Minor,3,West,Calm,Calm,S:653 H:K872 D:873 C:KQ5,,S:AK97 H:AQJ5 D:5 C:A864,
Minor,4,West,Calm,Calm,S:K8654 H:A86 D:742 C:95,,S:AT97 H:75 D:AK C:AT832,
Minor,5,West,Calm,Calm,S:Q73 H:KT3 D:KT4 C:AQT2,,S:KJT8 H:QJ96 D:A65 C:K9,
Minor,6,West,Calm,Calm,S:AJ3 H:J64 D:93 C:KT985,,S:86 H:T2 D:AQT65 C:AQJ2,
Minor,7,West,Calm,Calm,S:J4 H:QJ4 D:AQ5 C:KT873,,S:KQ65 H:AK97 D:8 C:AQJ2,
Minor,8,West,Calm,Calm,S:AJ H:Q73 D:KQT62 C:T92,,S:QT5 H:AJ9 D:J873 C:AQ5,
Minor,9,West,Calm,Calm,S:Q742 H:KJ5 D:A83 C:T76,,S:AJT H:QT7 D:KJ6 C:AK83,
Minor,10,West,Calm,Calm,S:KT9742 H:QJ5 D:3 C:743,,S:QJ6 H:AK7 D:Q864 C:AK8,
Minor,11,West,Calm,Calm,S:AK74 H:KQ96 D:J8 C:976,,S:JT96 H:85 D:742 C:AK83,
Minor,12,West,Calm,Calm,S:AK9 H:KQ83 D:QT42 C:T3,,S:76 H:AJ96 D:AK83 C:J85,
Minor,13,West,Calm,Calm,S:K963 H:A7 D:JT9 C:AJT7,,S:QJT7 H:KQ98 D:762 C:KQ,
Minor,14,West,Calm,Calm,S:KT4 H:J97 D:AK72 C:K53,,S:AJ5 H:KT6 D:Q986 C:A96,
Minor,15,West,Calm,Calm,S:AK92 H:J5 D:K72 C:K832,,S:T83 H:KQT6 D:AQ6 C:QJ5,
Minor,16,West,Calm,Calm,S:KT93 H:AT84 D:QT3 C:A9,,S:A7 H:K9 D:KJ974 C:JT85,
Minor,17,West,Calm,Calm,S:AK63 H:K9 D:A83 C:Q975,,S:J985 H:Q74 D:T5 C:K862,
Minor,18,West,Calm,Calm,S:A93 H:AT83 D:KQJ6 C:QJ,,S:84 H:KQ97 D:AT5 C:T862,
Minor,19,West,Calm,Calm,S:QT86 H: D:KQJT C:KQJT8,,S:KJ953 H:AK64 D:9 C:A97,
Minor,20,West,Calm,Calm,S:9 H:AK8 D:AJT64 C:KQJ2,,S:KT6 H:75 D:KQ953 C:974,
NMF,1,West,Calm,Calm,S:T92 H:AQ3 D:T86 C:AK54,,S:QJ865 H:K92 D:AK C:863,
NMF,2,West,Calm,Calm,S:KQJT2 H:K63 D:86 C:A54,,S:96 H:A82 D:AK74 C:Q863,
NMF,3,West,Calm,Calm,S:962 H:A53 D:KQJ5 C:K84,,S:Q74 H:KQ642 D:87 C:A53,
NMF,4,West,Calm,Calm,S:AKQ52 H:AT63 D:75 C:T4,,S:63 H:KQJ2 D:AK86 C:985,
NMF,5,West,Calm,Calm,S:KJ2 H:73 D:AK62 C:Q742,,S:Q74 H:KQ642 D:87 C:A53,
NMF,6,West,Calm,Calm,S:A7 H:AQT63 D:QT4 C:753,,S:K43 H:K92 D:J85 C:AK86,
NMF,7,West,Calm,Calm,S:Q2 H:Q954 D:A52 C:KQ97,,S:KJ976 H:AK87 D:64 C:T3,
NMF,8,West,Calm,Calm,S:K52 H:AJT74 D:J5 C:Q74,,S:AQ9 H:82 D:AKT9 C:JT95,
NMF,9,West,Calm,Calm,S:QT5 H:JT D:AK642 C:Q86,,S:K94 H:AK542 D:85 C:KJ9,
NMF,10,West,Calm,Calm,S:KQJ62 H:KQ63 D:86 C:54,,S:98 H:AJT2 D:AKQ4 C:T96,
NMF,11,West,Calm,Calm,S:72 H:KQ75 D:J96 C:AK94,,S:KQJT5 H:A3 D:KT7 C:T83,
NMF,12,West,Calm,Calm,S:KQ962 H:Q74 D:Q93 C:93,,S:AT7 H:AJT D:KJ5 C:KQT6,
NMF,13,West,Calm,Calm,S:J4 H:AKQ86 D:KQ4 C:KT4,,S:KQT53 H:73 D:A53 C:AQ3,
NMF,14,West,Calm,Calm,S:AQ642 H:KQ7 D:J6 C:QJ4,,S:K8 H:962 D:AKQ84 C:T96,
Negative,1,East,1S,1H-1S,S:A73 H:AQJT6 D:KQ C:974,,S:64 H:K98 D:A983 C:AT65,
Negative,2,East,1S,1D-1S,S:A3 H:AT75 D:KQJ6 C:T42,,S:64 H:K986 D:983 C:KQ65,
Negative,3,West,1S,1C-1S,S:8752 H:AQ63 D:Q64 C:73,,S:64 H:KJ98 D:A93 C:AQT5,
Negative,4,East,1H,1D-1H,S:QT75 H:73 D:AJT6 C:AKJ,,S:KJ64 H:J986 D:73 C:Q65,
Negative,5,West,1H,1D-1H,S:AQ62 H:872 D:85 C:KJ62,,S:KJ73 H:6 D:AQJ7 C:AT85,
Negative,6,East,1S,1C-1S,S:73 H:AJ95 D:T64 C:AKJ3,,S:AQ4 H:KQ86 D:73 C:QT65,
Negative,7,West,1D,1C-1D,S:AQ73 H:KJT7 D:82 C:T84,,S:KT H:A4 D:KJT6 C:KQJ65,
Negative,8,East,1H,1D-1H,S:K983 H:T4 D:KQ52 C:AKQ,,S:QJT4 H:K76 D:A986 C:73,
Negative,9,West,1S,1D-1S,S:KT84 H:KJ72 D:73 C:J95,,S:63 H:AQ D:AKQT84 C:KT4,
Negative,10,East,1S,1H-1S,S:Q3 H:AKQ872 D:872 C:75,,S:T82 H:93 D:KQ94 C:AJ96,
Negative,11,West,1S,1H-1S,S:82 H:T5 D:KJ96 C:A8632,,S:A93 H:AQJ964 D:Q4 C:K4,
Negative,12,East,2H,1S-2H,S:72 H:AK854 D:KQ75 C:J4,,S:T8 H:93 D:AJ94 C:KQ965,
Negative,13,West,2C,1D-2C,S:Q762 H:AQ87 D:K6 C:T82,,S:A5 H:KJ94 D:AQT54 C:43,
Negative,14,East,1D,1C-1D,S:KJ93 H:Q83 D:83 C:AK64,,S:T875 H:AK64 D:974 C:32,
Negative,15,West,2D,1H-2D,S:QJ73 H:QJ D:965 C:KQ84,,S:KT98 H:AK764 D:4 C:A96,
Negative,16,East,1D,1C-1D,S:86 H:Q975 D:KQT C:AQJ5,,S:KT94 H:AJ8 D:932 C:T96,
Negative,17,West,2D,1H-2D,S:AKQ5 H:53 D:73 C:J9632,,S:8 H:AK764 D:QJT84 C:A8,
Negative,18,East,1D,1C-1D,S:K87 H:T53 D:AQT C:AT93,,S:AT96 H:KQJ6 D:932 C:K8,
Negative,19,West,1H,1D-1H,S:KQT94 H:A86 D:95 C:KT4,,S:J73 H:53 D:KQJT4 C:AJ6,
Negative,20,East,2C,1D-2C,S:AK75 H:A983 D:K86 C:95,,S:963 H:T52 D:A2 C:KQT86,
Notrump,1,West,Calm,Calm,S:K93 H:K74 D:K65 C:T972,,S:A74 H:AQ85 D:Q74 C:QJ6,
Notrump,2,West,Calm,Calm,S:T93 H:K74 D:QJ85 C:K83,,S:A74 H:AQ D:T74 C:AQT65,
Notrump,3,West,Calm,Calm,S:865 H:K84 D:QJ95 C:K83,,S:QJT H:AQ D:T87 C:AQT95,
Notrump,4,West,Calm,Calm,S:AK3 H:AK7 D:T82 C:QT75,,S:QJT5 H:Q98 D:AQ4 C:A98,
Notrump,5,West,Calm,Calm,S:AK3 H:AK7 D:T82 C:QT75,,S:QJT5 H:Q98 D:AK4 C:AJ9,
Notrump,6,West,Calm,Calm,S:AK3 H:AK7 D:T82 C:QT75,,S:QJT5 H:Q98 D:AQ4 C:AJ9,
Notrump,7,West,Calm,Calm,S:73 H:JT9763 D:K3 C:542,,S:KQ6 H:Q5 D:AJ74 C:KT96,
Notrump,8,West,Calm,Calm,S:J8 H:QJT73 D:J53 C:A73,,S:KQ6 H:K5 D:AQ74 C:KT96,
Notrump,9,West,Calm,Calm,S:JT973 H:A82 D:62 C:A75,,S:KQ6 H:K5 D:AQ74 C:KT96,
Notrump,10,West,Calm,Calm,S:AT9 H:83 D:AKJT82 C:J8,,S:KQ6 H:KQ4 D:Q74 C:KT96,
Notrump,11,West,Calm,Calm,S:3 H:A85 D:KJ3 C:AQ8754,,S:KQ6 H:KQ4 D:A74 C:KT96,
Notrump,12,East,1D,1D,S:Q8 H:Q98732 D:6 C:T963,,S:K96 H:KJ64 D:AQ4 C:QJ5,
Notrump,13,West,Calm,Calm,S:KQT72 H:83 D:75 C:T872,,S:AJ8 H:K952 D:AQ4 C:AQ9,
Notrump,14,West,Calm,Calm,S:A6 H:AJ6 D:KJ62 C:Q864,,S:K983 H:KQ2 D:T74 C:953,
Notrump,15,West,Calm,Calm,S:AQ2 H:A97 D:Q83 C:KQT4,,S:K93 H:KQ2 D:T974 C:J53,
Notrump,16,West,Calm,Calm,S:AQT H:Q6 D:AJ73 C:KT96,,S:73 H:AK2 D:KT94 C:Q753,
Notrump,17,West,Calm,Calm,S:AQ52 H:KQ9 D:J7 C:AT97,,S:73 H:T75 D:AKT964 C:86,
Notrump,18,West,Calm,Calm,S:A743 H:AJ9 D:KJ2 C:Q63,,S:QJ5 H:K6 D:AQ74 C:KJT7,
Notrump,19,West,Calm,Calm,S:AQ7 H:AT4 D:KQJ6 C:A83,,S:K6 H:KJ5 D:T75 C:KQJT4,
Notrump,20,West,Calm,Calm,S:AT3 H:Q7 D:AT75 C:AJ62,,S:987642 H:95 D:QJ4 C:73,
Notrump,21,West,Calm,Calm,S:J9 H:A73 D:AQ95 C:A983,,S:76 H:KJ9865 D:86 C:KJT,
Notrump,22,West,Calm,Calm,S:K84 H:A73 D:KJ64 C:A75,,S:QJT95 H:T4 D:A87 C:KQ9,
Notrump,23,West,Calm,Calm,S:AJ3 H:AJ65 D:K5 C:QJ63,,S:85 H:K7 D:AT9 C:AKT875,
Notrump,24,West,Calm,Calm,S:KQ9 H:AJT D:AQ2 C:AJT4,,S:85 H:97 D:KT9873 C:962,
Notrump,25,West,Calm,Calm,S:QT2 H:KQJ D:AQ95 C:AJ5,,S:KJ98753 H:A8 D:6 C:KQ2,
Ogust,1,West,Calm,Calm,S:975 H:A5 D:AT64 C:AK82,,S:83 H:QJ9764 D:K7 C:964,
Ogust,2,West,Calm,Calm,S:83 H:KT9764 D:K7 C:964,,S:A75 H:85 D:AT64 C:AK82,
Ogust,3,West,Calm,Calm,S:J2 H:A62 D:A853 C:AK86,,S:KQT854 H:85 D:764 C:92,
Ogust,4,West,Calm,Calm,S:QJ8753 H:KQ3 D:97 C:T4,,S:K6 H:A85 D:AT64 C:A982,
Ogust,5,West,Calm,Calm,S:J2 H:A62 D:A853 C:AK86,,S:KT9854 H:KQ D:964 C:75,
Ogust,6,West,Calm,Calm,S:T62 H:84 D:AQ9873 C:74,,S:A93 H:A75 D:K654 C:A82,
Ogust,7,West,Calm,Calm,S:KJ94 H:A63 D:J2 C:AK76,,S:83 H:T2 D:AKQT64 C:984,
Ogust,8,West,Calm,Calm,S:2 H:AKQT83 D:765 C:964,,S:QT3 H:75 D:AKQ4 C:A872,
Ogust,9,West,Calm,Calm,S:A876 H:K5 D:A974 C:A86,,S:K3 H:AQ9764 D:85 C:973,
Ogust,10,West,Calm,Calm,S:AQ9874 H:873 D:75 C:K4,,S:KT3 H:5 D:AKQ94 C:A872,
Overcalls,1,East,1D,1D,S:Q764 H:J72 D:92 C:A843,,S:A9 H:AQ93 D:K875 C:J65,
Overcalls,2,West,1C,1C,S:T92 H:AQJ75 D:QJ7 C:86,,S:A753 H:KT93 D:K964 C:5,
Overcalls,3,East,1C,1C,S:A743 H:K83 D:63 C:9843,,S:T9 H:AQJ75 D:A875 C:65,
Overcalls,4,West,1D,1D,S:KQJ97 H:8 D:Q62 C:Q943,,S:6 H:KJ943 D:K94 C:8765,
Overcalls,5,East,1S,1S,S:J752 H:A863 D:AT2 C:T3,,S:T9 H:KQJ752 D:QJ7 C:65,
Overcalls,6,West,1D,1D,S:AK975 H:KT3 D:953 C:K7,,S:J83 H:AJ92 D:T7 C:9832,
Overcalls,6,East,2D,1D-1S-2D,S:AK975 H:KT3 D:953 C:K7,,S:J83 H:AJ92 D:T7 C:9832,
Overcalls,7,East,1D,1D,S:K842 H:A93 D:T5 C:KQ93,,S:QJT93 H:KQ4 D:863 C:82,
Overcalls,8,West,1H,1H,S:AQJ64 H:3 D:9862 C:J82,,S:K8753 H:752 D:A C:7543,
Overcalls,8,East,3H,1H-1S-3H,S:AQJ64 H:3 D:9862 C:J82,,S:K8753 H:752 D:A C:7543,
Overcalls,9,East,1C,1C,S:AJ76 H:Q973 D:A54 C:92,,S:53 H:AKT84 D:K63 C:A54,
Overcalls,10,West,1S,1S,S:72 H:Q8 D:J52 C:AKJ972,,S:AK5 H:KT52 D:T974 C:Q3,
Overcalls,11,East,1C,1C,S:A832 H:KJT6 D:J93 C:T8,,S:KQ9 H:A84 D:AT5 C:KQ93,
Overcalls,12,West,1D,1D,S:AKT75 H:J6 D:972 C:Q83,,S:Q863 H:AKQ7 D:65 C:KT6,
Overcalls,13,East,1H,1H,S:T7 H:KQ62 D:K85 C:8742,,S:KQJ984 H:84 D:Q63 C:95,
Overcalls,14,West,1D,1D,S:975 H:KQJ97 D:83 C:K52,,S:AKJ863 H:3 D:65 C:QT76,
Overcalls,15,East,1C,1C,S:KQJ973 H:Q D:A872 C:T4,,S:T85 H:AKJ84 D:K63 C:95,
Overcalls,16,West,1D,1D,S:JT9 H:KT73 D:AJT C:AQ5,,S:KQ83 H:A865 D:65 C:T76,
Overcalls,17,East,1S,1S,S:84 H:KQJ D:AQ95 C:K972,,S:AJ9 H:T94 D:K3 C:QJT63,
Overcalls,18,West,1C,1C,S:KQJT5 H:QT7 D:AJ3 C:87,,S:83 H:AJ9 D:KQ97 C:QJT6,
Overcalls,19,East,1C,1C,S:AJT H:QT7 D:A75 C:KQT9,,S:83 H:K85 D:KQT964 C:72,
Overcalls,20,West,1C,1C,S:KQT932 H:842 D:A7 C:92,,S:A85 H:AK7 D:KJ6 C:T864,
Preempt,1,West,Calm,Calm,S:A87 H:KQ873 D:J C:A954,,S:952 H:2 D:AQT9875 C:87,
Preempt,2,West,Calm,Calm,S:KQJT864 H:97 D:65 C:T4,,S:92 H:KJ85 D:KJ9 C:KQ83,
Preempt,3,West,Calm,Calm,S:J9873 H:A42 D:82 C:AK7,,S:A H:QJT8763 D:975 C:62,
Preempt,4,West,Calm,Calm,S:83 H:KQT8742 D:862 C:5,,S:AK76 H:J53 D:94 C:A874,
Preempt,5,West,Calm,Calm,S:T4 H:Q86 D:A963 C:J642,,S:KQJ98752 H:9 D:52 C:87,
Preempt,6,West,Calm,Calm,S:KQJ9873 H:6 D:9842 C:7,,S:T6 H:AKQ85 D:AK C:A864,
Preempt,7,West,X,3H-X,S:Q876 H:5 D:AJT4 C:J853,,S:95 H:KQT8763 D:82 C:T9,
Preempt,7,East,3S,3H-X-pass-3S,S:Q876 H:5 D:AJT4 C:J853,,S:95 H:KQT8763 D:82 C:T9,
Preempt,8,East,3S,3D-3S,S:4 H:652 D:KQJT873 C:85,,S:8632 H:K8 D:A964 C:A73,
Preempt,9,West,X,3D-X,S:A8 H:874 D:J942 C:K632,,S:95 H:6 D:AQT8763 C:T95,
Preempt,9,East,4H,3D-X-4D-4H,S:A8 H:874 D:J942 C:K632,,S:95 H:6 D:AQT8763 C:T95,
Preempt,10,West,Calm,Calm,S:853 H:AQJ9843 D:T76 C:,,S:964 H: D:8542 C:AKQJ83,
Preempt,11,East,1H,1H,S:Q5 H:AJ83 D:Q765 C:KQ2,,S:AKT8763 H:6 D:84 C:T95,
Preempt,12,West,1C,1C,S:Q H:KJT9642 D:T8 C:764,,S:AK72 H:Q7 D:A542 C:A95,
Reverse,1,West,Calm,Calm,S:AKT3 H:AQ75 D:T95 C:72,,S:QJ85 H:K9 D:K62 C:A863,
Reverse,2,West,Calm,Calm,S:KQ83 H:QJ D:KJ6 C:JT97,,S:T72 H:AK94 D:Q54 C:KQ5,
Reverse,3,West,Calm,Calm,S:J3 H:Q8 D:KQJ5 C:AK762,,S:KT94 H:KT96 D:T82 C:95,
Reverse,4,West,Calm,Calm,S:KQ9865 H:K82 D:T5 C:KT,,S:J H:AQT D:AQJ3 C:QJ986,
Reverse,5,West,Calm,Calm,S:6 H:AKQ4 D:963 C:AQJT3,,S:AQ985 H:T865 D:84 C:K7,
Reverse,6,West,Calm,Calm,S:T75 H:82 D:AQ53 C:JT84,,S:KQJ64 H:AKJ76 D:K6 C:5,
Reverse,7,West,Calm,Calm,S:AK H:52 D:A642 C:AKT74,,S:T74 H:KJ98 D:K73 C:985,
Reverse,8,West,Calm,Calm,S:J7 H:AK63 D:KQT85 C:KT,,S:KQT5 H:Q8 D:J94 C:QJ97,
Reverse,9,West,Calm,Calm,S:Q52 H:A863 D:753 C:843,,S:63 H:K5 D:KQJ6 C:AKT72,
Reverse,10,West,Calm,Calm,S:J73 H:J D:AK64 C:AK983,,S:T85 H:KQ9874 D:83 C:76,
Reverse,11,West,Calm,Calm,S:AK86 H:72 D:T98 C:7654,,S:7 H:AQJ9 D:KQJ764 C:A3,
Reverse,12,West,Calm,Calm,S:KQ9743 H:872 D:K5 C:T3,,S:J5 H:AT D:AQJ3 C:KQ986,
Reverse,13,West,Calm,Calm,S:J H:K84 D:AQT9 C:KQJT7,,S:A8643 H:76 D:KJ64 C:A5,
Reverse,14,West,Calm,Calm,S:AT83 H:852 D:T95 C:QJ3,,S:9 H:KQ76 D:KQ842 C:AT8,
Roman,1,West,Calm,Calm,S:KQJT75 H:AJ863 D:A C:5,,S:A8 H:KQ972 D:874 C:QJ3,
Roman,2,West,Calm,Calm,S:KQJ5 H:AQJ3 D:Q6 C:KQJ,,S:AT9732 H:K95 D:85 C:A7,
Roman,3,West,Calm,Calm,S:KQ962 H:K865 D:5 C:KQ3,,S:JT87 H:A7 D:AK63 C:A82,
Roman,4,West,Calm,Calm,S:KQ84 H:AJ6 D:J3 C:QJ83,,S:AJ972 H:KQ5 D:K5 C:AK6,
Roman,5,West,Calm,Calm,S:KJ7 H:6 D:AQT875 C:AT6,,S:AQ H:T74 D:KJ63 C:KQJ7,
Roman,6,West,Calm,Calm,S:A652 H:QJ52 D:KJ3 C:82,,S:KT8 H:AK9864 D: C:AKQ7,
Roman,7,West,Calm,Calm,S:AQ974 H:8 D:A632 C:KQJ,,S:K8652 H:KJT7 D: C:A983,
Roman,8,West,Calm,Calm,S:KQJ H:AT76 D:AQJ C:QJ9,,S:AT8 H:K984 D:K9 C:KT65,
Roman,9,West,Calm,Calm,S:AKQJ H:AJT7 D:A5 C:KQT,,S:7 H:KQ985 D:KQ74 C:983,
Roman,10,West,Calm,Calm,S:AQJ753 H:65 D:A43 C:82,,S:KT H:AK984 D:KQ8 C:KQ6,
Roman,11,West,Calm,Calm,S:AKQJ H:AQT43 D:AJ8 C:7,,S:7642 H:KJ985 D:KQ74 C:,
Roman,12,West,Calm,Calm,S:AT97 H:KJT D:QJT3 C:KJ,,S:K652 H:AQ74 D:K86 C:AQ,
Roman,13,West,Calm,Calm,S:AKQJ3 H:T875 D:K C:KQJ,,S:97 H:AK96 D:AQ974 C:A5,
Roman,14,West,Calm,Calm,S:A63 H:AK9865 D:K C:A32,,S:K7 H:QJ3 D:AQJT875 C:K,
Roman,15,West,Calm,Calm,S:T86 H:KQJ83 D:T C:AKQ6,,S: H:AT96 D:KQJ74 C:JT83,
Roman,16,West,Calm,Calm,S:AT843 H:QT84 D: C:KJT2,,S:KQJ965 H:AK D:875 C:A5,
Roman,17,West,Calm,Calm,S:AQ5 H:4 D:AKT863 C:AKQ,,S:K87 H:AT6 D:Q974 C:JT8,
Roman,18,West,Calm,Calm,S: H:KQT8632 D:53 C:JT82,,S:Q8 H:AJ97 D:KQJ C:AKQ6,
Roman,19,West,Calm,Calm,S:AQJ8543 H:7 D:AK4 C:AK,,S:KT72 H:AK865 D:83 C:64,
Roman,20,West,Calm,Calm,S:QJ73 H:A8 D:T864 C:KJ5,,S:AK9654 H:KQ6 D:KQJ2 C:,
Stayman,1,West,Calm,Calm,S:KT82 H:74 D:AK63 C:AJ7,,S:A4 H:KJ98 D:T872 C:865,
Stayman,2,West,Calm,Calm,S:KQJ5 H:T63 D:AQ9 C:KQT,,S:A4 H:AJ98 D:T872 C:865,
Stayman,3,West,Calm,Calm,S:A983 H:AK5 D:A95 C:J94,,S:KQT6 H:964 D:KJT8 C:73,
Stayman,4,West,Calm,Calm,S:965 H:A9 D:AQT5 C:KQ86,,S:AJT4 H:KQJ5 D:863 C:J7,
Stayman,5,West,Calm,Calm,S:T982 H:KQ6 D:A94 C:AK5,,S:KQJ3 H:AJ5 D:72 C:9843,
Stayman,6,West,Calm,Calm,S:KQ5 H:Q95 D:KQ94 C:A62,,S:AT94 H:KJT7 D:AJ C:KQ3,
Stayman,7,West,Calm,Calm,S:QT9 H:AQJ3 D:AT8 C:QJ6,,S:4 H:KT97 D:KQJ3 C:AK85,
Stayman,8,West,Calm,Calm,S:95 H:KQ95 D:AK63 C:KQ8,,S:AKQ42 H:JT76 D:75 C:93,
Stayman,9,West,Calm,Calm,S:T86 H:KQ5 D:A864 C:AKT,,S:AKQ42 H:JT76 D:75 C:93,
Stayman,10,West,Calm,Calm,S:AQJ9 H:KJ D:Q764 C:Q53,,S:KT42 H:AQT963 D: C:874,
Stayman,11,West,Calm,Calm,S:AQJ H:KJ D:Q764 C:Q653,,S:KT42 H:AQT963 D: C:874,
Stayman,12,West,Calm,Calm,S:83 H:KQ74 D:7643 C:A82,,S:KT42 H:A3 D:QJ95 C:KQ7,
Stayman,13,West,Calm,Calm,S:JT83 H:JT86 D:KT C:A84,,S:KQ2 H:A93 D:QJ95 C:KQ7,
Stayman,14,West,Calm,Calm,S:KT85 H:9852 D:A93 C:Q5,,S:Q762 H:Q63 D:KQJ C:AJ7,
Stayman,15,West,Calm,Calm,S:QT93 H:K873 D:A5 C:764,,S:J62 H:AT95 D:KQJ4 C:AQ,
Stayman,16,West,Calm,Calm,S:AT96 H:63 D:QT84 C:K83,,S:KQJ4 H:AT95 D:J73 C:AQ,
Stayman,17,West,Calm,Calm,S:AQ52 H:KQT96 D:T9 C:97,,S:KJ4 H:A8 D:QJ73 C:AQT8,
Stayman,18,West,Calm,Calm,S:Q2 H:K9753 D:Q73 C:QT6,,S:K7 H:QJT D:AK95 C:KJ94,
Stayman,19,West,Calm,Calm,S:QJ763 H:KT73 D:42 C:Q5,,S:AK H:QJ9 D:KQ83 C:AJT7,
Stayman,20,West,Calm,Calm,S:Q963 H:K5 D:Q875 C:742,,S:KJT5 H:AQJ9 D:AJ9 C:KQ,
Stayman,21,West,Calm,Calm,S:AJ85 H:KJ D:AK8 C:KJ96,,S:KQ42 H:AQT943 D: C:874,
Stayman,22,West,Calm,Calm,S:A83 H:AK64 D:Q52 C:Q87,,S:Q742 H:T983 D:J8763 C:,
Stayman,23,West,Calm,Calm,S:AK73 H:A95 D:982 C:AQ2,,S:QJ85 H:K64 D:QJ7 C:KT8,
Stayman,24,East,2S,1NT-pass-2C-2S,S:AQT6 H:Q7 D:T95 C:K974,,S:98 H:KJ4 D:AQJ7 C:AT85,
Stayman,25,East,2D,1NT-2D,S:A8 H:KJ74 D:A72 C:KQ53,,S:KQT2 H:AQT3 D:63 C:874,
Takeout,1,East,1D,1D,S:K5 H:JT53 D:9742 C:873,,S:A964 H:AK98 D:8 C:QT65,
Takeout,2,East,1D,1D,S:A983 H:QJ D:7652 C:843,,S:KQT4 H:AK98 D:8 C:AJ65,
Takeout,3,East,1C,1C,S:K62 H:T853 D:864 C:964,,S:AQ4 H:KQJ6 D:QJT7 C:A3,
Takeout,4,East,1H,1H,S:KJ83 H:Q75 D:73 C:K652,,S:AQ64 H:8 D:JT82 C:AT73,
Takeout,5,East,1H,1H,S:KJ83 H:Q75 D:73 C:K652,,S:AQ64 H:8 D:AT82 C:AT73,
Takeout,6,East,1D,1D,S:KQ95 H:AJ73 D:963 C:K7,,S:JT86 H:KQ4 D:A7 C:A985,
Takeout,6,East,3D,1D-X-pass-2D-3D,S:KQ95 H:AJ73 D:963 C:K7,,S:JT86 H:KQ4 D:A7 C:A985,
Takeout,7,East,1S,1S,S:AQ86 H:742 D:983 C:K75,,S:95 H:KQT3 D:AT54 C:A96,
Takeout,8,East,1S,1S,S:AQ86 H:742 D:Q83 C:Q75,,S:95 H:KQT3 D:AJT5 C:AK6,
Takeout,9,East,1S,1S,S:7643 H:962 D:94 C:AK86,,S:K8 H:AKQT73 D:A75 C:94,
Takeout,10,West,1C,1C,S:74 H:J5 D:K8732 C:Q762,,S:A85 H:KQ73 D:AJT5 C:94,
Takeout,10,East,1S,1C-pass-1S,S:74 H:J5 D:K8732 C:Q762,,S:A85 H:KQ73 D:AJT5 C:94,
Takeout,11,East,2S,2S,S:J853 H:T962 D:Q96 C:73,,S:7 H:AKJ3 D:AKT5 C:AQJ9,
Takeout,12,East,1D,1D,S:AT42 H:753 D:86 C:KT65,,S:QJ9 H:AK8 D:AJT C:AJ97,
Takeout,13,East,1C,1C,S:865 H:743 D:KQ742 C:52,,S:KQ9 H:AK8 D:AJT C:AJ97,
Takeout,14,West,1D,1D,S:AKT3 H:AJ82 D:AQ6 C:83,,S:Q965 H:Q43 D:852 C:764,
Takeout,15,West,1H,1H,S:AKJ3 H:52 D:KQT6 C:KQ5,,S:Q965 H:873 D:84 C:AJ96,
Takeout,16,West,1S,1S,S:9 H:A932 D:KT63 C:AK75,,S:A54 H:KT64 D:QJ98 C:83,
Takeout,17,West,1C,1C,S:KQ95 H:A874 D:AJ3 C:64,,S:AT73 H:95 D:KQT9 C:A87,
Takeout,18,West,1S,1S,S:T3 H:K952 D:AK73 C:Q95,,S:K54 H:QJT873 D:Q4 C:A6,
Takeout,19,West,1D,1D,S:AKQT942 H:87 D: C:AQ42,,S:65 H:Q42 D:97542 C:T96,
Takeout,20,West,1H,1H,S:AKQ864 H:8 D:A85 C:K62,,S:J95 H:964 D:76 C:AT853,
Takeout,20,West,2H,1H-X-pass-2C-2H,S:AKQ864 H:8 D:A85 C:K62,,S:J95 H:964 D:76 C:AT853,
Takeout,21,West,1D,1D,S:A84 H:KQJ6 D:92 C:KQJ7,,S:J965 H:873 D:84 C:A864,
Takeout,21,East,1S,1D-X-1S,S:A84 H:KQJ6 D:92 C:KQJ7,,S:J965 H:873 D:84 C:A864,
Takeout,21,West,2D,1D-X-1S-pass-2D,S:A84 H:KQJ6 D:92 C:KQJ7,,S:J965 H:873 D:84 C:A864,
Takeout,22,West,1D,1D,S:A975 H:KJ3 D:97 C:KQ52,,S:83 H:QT965 D:842 C:A84,
Takeout,22,East,1S,1D-X-1S,S:A975 H:KJ3 D:97 C:KQ52,,S:83 H:QT965 D:842 C:A84,
Takeout,23,West,1D,1D,S:K873 H:KJ4 D:76 C:AQ52,,S:54 H:Q9752 D:952 C:763,
Takeout,23,East,XX,1D-X-XX,S:K873 H:KJ4 D:76 C:AQ52,,S:54 H:Q9752 D:952 C:763,
Takeout,23,East,2D,1D-X-XX-1H-pass-pass-2D,S:K873 H:KJ4 D:76 C:AQ52,,S:54 H:Q9752 D:952 C:763,
Takeout,24,East,2H,2H,S:3 H:KQ D:QJT62 C:KQT84,,S:KT97 H:8 D:AK73 C:AJ96,
Takeout,25,West,1C,1C,S:AQ86 H:A742 D:KJT5 C:7,,S:K9 H:85 D:Q62 C:QJT963,
Transfers,1,West,Calm,Calm,S:AK53 H:QT D:Q65 C:A742,,S:94 H:KJ9863 D:T8 C:865,
Transfers,2,West,Calm,Calm,S:KT5 H:A5 D:QJ84 C:KQ73,,S:Q8764 H:Q4 D:K63 C:J92,
Transfers,3,West,Calm,Calm,S:KT5 H:A5 D:QJ84 C:KQ73,,S:QJ764 H:74 D:K63 C:A92,
Transfers,4,West,Calm,Calm,S:AJ76 H:Q6 D:K753 C:KQ4,,S:53 H:K98742 D:AT6 C:65,
Transfers,5,West,Calm,Calm,S:QT9 H:K53 D:K62 C:AK84,,S:53 H:AQT742 D:QJT C:65,
Transfers,6,West,Calm,Calm,S:QJ5 H:K8 D:AT62 C:AK98,,S:KT987 H:A9764 D:83 C:5,
Transfers,7,West,Calm,Calm,S:Q6 H:A74 D:KJ92 C:KQ83,,S:AJ854 H:KQT83 D:6 C:75,
Transfers,8,West,Calm,Calm,S:J4 H:AQJ5 D:AQJ3 C:T96,,S:AQT75 H:4 D:986 C:AKQ5,
Transfers,9,West,Calm,Calm,S:KJ H:KQ9 D:KT73 C:AJ74,,S:AQT75 H:A4 D:986 C:KQ5,
Transfers,10,West,Calm,Calm,S:Q2 H:AJ3 D:AK64 C:KQJT,,S:75 H:KQ874 D:T93 C:874,
Transfers,11,West,Calm,Calm,S:92 H:QT962 D:K54 C:K83,,S:KQ75 H:J8 D:AQ6 C:QJ74,
Transfers,12,West,Calm,Calm,S:KJT63 H:96 D:982 C:KJ4,,S:Q4 H:AQ8 D:KQT5 C:AT93,
Transfers,13,West,Calm,Calm,S:93 H:QJT62 D:753 C:KQ4,,S:A62 H:875 D:AKQ C:AT98,
Transfers,14,West,Calm,Calm,S:AK9753 H:842 D:53 C:76,,S:J6 H:A75 D:AQ72 C:KJ83,
Transfers,15,West,Calm,Calm,S:873 H:AKT872 D:93 C:65,,S:A6 H:965 D:KQJ2 C:AK98,
Transfers,16,West,Calm,Calm,S:T9873 H:KQT D:A4 C:T73,,S:A6 H:965 D:KQJ2 C:AK98,
Transfers,17,West,Calm,Calm,S:Q9854 H:KQT83 D:75 C:3,,S:AK H:J65 D:AKJ4 C:J865,
Transfers,18,West,Calm,Calm,S:AK873 H:KT965 D:75 C:9,,S:QT5 H:AQ4 D:KJ4 C:KJ65,
Transfers,19,West,Calm,Calm,S:KQ94 H:AJ973 D:83 C:A6,,S:T5 H:KQT4 D:AK7 C:KQ98,
Transfers,20,West,Calm,Calm,S:Q9853 H:72 D:8642 C:A3,,S:JT4 H:AK D:AK97 C:KQ98,
Transfers,21,West,Calm,Calm,S:K6 H:AQJT7 D:T95 C:KQ3,,S:AJT H:K853 D:AK C:J864,
Transfers,22,West,Calm,Calm,S:J3 H:AK953 D:42 C:AK72,,S:AQ64 H:J6 D:AK75 C:J83,
Transfers,23,East,2S,1NT-pass-2D-2S,S:AJT H:KQJ93 D:Q43 C:72,,S:94 H:A86 D:AK97 C:A865,
Transfers,24,East,2S,1NT-pass-2D-2S,S:T86 H:Q97532 D:652 C:9,,S:94 H:AJ86 D:AK9 C:A865,
Transfers,25,East,2S,1NT-pass-2D-2S,S:T95 H:AK753 D:83 C:K42,,S:AJ4 H:86 D:AK97 C:A865,
Weak2,1,West,Calm,Calm,S:QT2 H:K5 D:9742 C:QJ64,,S:95 H:642 D:AKJT85 C:87,
Weak2,2,West,Calm,Calm,S:Q H:KJT973 D:762 C:642,,S:AK84 H:Q4 D:QJ5 C:QJ83,
Weak2,3,West,Calm,Calm,S:J642 H:K7 D:A843 C:T64,,S:KQT875 H:A84 D:76 C:92,
Weak2,4,West,Calm,Calm,S:J6 H:Q73 D:QJT973 C:94,,S:A83 H:AKJ854 D:5 C:875,
Weak2,5,West,Calm,Calm,S:A853 H:K74 D:A64 C:KQ7,,S:96 H:QJT852 D:K53 C:65,
Weak2,6,West,Calm,Calm,S:KQ9763 H:T2 D:K62 C:74,,S:A854 H:73 D:J85 C:QT83,
Weak2,7,West,Calm,Calm,S:QJ42 H:A74 D:KJ74 C:KJ,,S:AK9763 H:Q92 D:62 C:T7,
Weak2,8,West,1H,1H,S:AQT863 H:76 D:94 C:T62,,S:K9754 H:52 D:J85 C:983,
Weak2,8,East,3H,1H-2S-3H,S:AQT863 H:76 D:94 C:T62,,S:K9754 H:52 D:J85 C:983,
Weak2,8,West,X,1H-2S-3H-4S-X,S:AQT863 H:76 D:94 C:T62,,S:K9754 H:52 D:J85 C:983,
Weak2,9,West,Calm,Calm,S:AQ742 H:A63 D:J5 C:AT9,,S:96 H:875 D:AKQ762 C:54,
Weak2,10,West,Calm,Calm,S:KQ9763 H:J2 D:J6 C:754,,S:A854 H:3 D:AK52 C:KQ83,
Weak2,11,West,Calm,Calm,S:KQJ2 H:Q752 D:A5 C:K83,,S:75 H:KJT864 D:84 C:A97,
Weak2,12,West,Calm,Calm,S:96 H:KQT763 D:754 C:J7,,S:KJ54 H:J52 D:AQT3 C:A8,
Weak2,13,West,Calm,Calm,S:AJT H:Q75 D:KQ4 C:AJT4,,S:943 H:K8 D:AJT965 C:65,
Weak2,14,West,Calm,Calm,S:KQT763 H:94 D:KJ7 C:95,,S:J54 H:KJ52 D:AQT3 C:A8,
Weak2,15,East,1H,1H,S:T653 H:A7 D:KQ3 C:A862,,S:AQ9874 H:65 D:986 C:T4,
Weak2,16,West,Calm,Calm,S:96 H:984 D:AKQ874 C:72,,S:A542 H:A52 D:J3 C:A865,
Weak2,17,West,Calm,Calm,S:AK653 H:AQ32 D:J C:765,,S:J974 H:8 D:AQT986 C:T4,
Weak2,18,West,Calm,Calm,S:KJ9862 H:T5 D:A74 C:72,,S:AQ754 H:AK2 D:3 C:KQJT,
Weak2,19,West,Calm,Calm,S:KQJ864 H: D:A852 C:KQ3,,S:AT7 H:AJT965 D:97 C:52,
Weak2,20,West,Calm,Calm,S:A93 H:QJT754 D:74 C:J2,,S:KQJT84 H: D:Q86 C:AQ93,
